3-5年,本科及以上,"岗位职责：
1、负责使用大数据和人工智能技术，分析政务、银行、交通等领域的数据，深入挖掘内外部用户需求，理解市场，设计数据应用产品，实现分析建模、报表汇总、成果展示、用户运营等功能；
2、沟通协调项目进度，理清业务和技术的环节，与研发、运营团队紧密协作，推动数据产品落地实施，把控产品质量；

任职资格：
1、全日制大学本科及以上学历，信息科学类相关专业；
2、具有数据使用能力、业务抽象理解能力、需求提炼能力以及项目协调管理能力；
3、熟练掌握SQL、Excel、Python等一种常用数据处理工具，有Axzure、Sketch、墨刀等原型设计软件的经验；
4、有良好的逻辑思维能力，较强的沟通能力和团队合作精神，能承担工作压力；

优先条件:
1、有智慧政务、数字政府、智慧城市、智能投顾等领域项目经验者优先
2、有分布式存储计算、数据挖掘、数据治理等项目经验者优先",北京,建信金融科技有限责任公司,今天 15:05,大数据分析师,16k-30k
3-5年,本科及以上,"岗位职责
1.使用统计学分析方法，挖掘算法，构建数据分析模型来驱动增长和运营，支持现有业务并适应业务的不断拓展； 
2.进行项目评估，效果评估；响应产品，运营，市场等部门的数据分析工作；进行数据异常和波动诊断等数据分析和支持工作；
3.根据用户行为和车辆数据在不同时间的变化进行数据分析和策略优化，通过建立模型来驱动增长和运营； 
4.调研数据需求，进行指标设计，数据维度，指标关系等数据指标体系建立的工作；
5.定期进行行业数据分析报告，市场分析报告，产品报告和用户行为分析的报告发布。
 
岗位要求
1.本科及以上学历，数学、计算机或经济等相关专业； 
2.3年以上工作经验，互联网，咨询公司，零售或O2O行业商业分析，数据分析，财务分析背景；
3.至少用数据分析支持过一条业务线； 
4.熟练使用数据软件和SQL语言； 
5.学习和适应能力强，具有团队协作意识；
6.具备良好的逻辑分析能力和系统性思维能力，良好的跨团队的沟通能力，良好的数据呈现能力和观点演说能力。",北京,北京三快在线科技有限公司,今天 16:21,数据分析,10k-20k
1-3年,本科及以上,"职责描述：
1.完善业务数据监控体系，进行新功能指标埋点逻辑设计，搭建分析框架，使业务运营情况数据化呈现；
2.深入了解业务，基于数据监控及分析研究，发现业务中的问题，同时能够解构问题、分析问题，给出有效改善的建议，并能输出分析报告；
3.支持业务进行临时数据统计工作，并可从需求中提取业务目的，提高业务效率。
4.与技术部门密切协作，确保统计需求准确落地以及线上统计无异常。
岗位要求：
1.本科及以上学历，数学、统计学、计算机科学等相关专业优先；
2.移动互联网公司至少1年工作经验，数据分析、BI等相关经验优先；
3.熟练使用SQL语言，熟练掌握Excel、SAS、SPSS、R等任一数据分析工具；
4.较强的沟通推进能力、清晰的表达能力、较强的独立思考能力；
5.自我成长欲望强。",北京,北京音娱时光科技有限公司,今天 17:31,数据分析,10k-18k
3-5年,本科及以上,"工作内容：
1、负责业务线日常数据整理、统计分析、报表维护，根据业务定期完成日报、周报、月报等报表开发
2、构建产品、运营及活动数据评估体系，针对不同业务精细化需求，独立完成专题的统计分析
3、持续完善各项业务数据的统计模型，对系统化数据报表提出合理优化建议
4、设计数据采集的埋点方案，实现可视化
岗位要求：
1、本科以上学历，统计学、数学、社会学、计算机等相关专业；
2、三年以上相关工作经历，有丰富的数据分析、挖掘、清洗和建模的经验；
3、备较强独立思考能力和逻辑思维能力，沟通表达能力强，善于跨部门协调沟通；
4、有良好数据敏感度，能够熟练运用SQL，精通Excel等统计分析工具。",北京,南京蓝鲸人网络科技有限公司,今天 16:24,数据分析,20k-35k
不限,学历不限,"岗位职责：
1、建立和完善电销运营报表体系，负责数据的收集整理，制作和维护日常报表；
2、监控理财数据指标，跟进和分析策略执行情况，提出策略优化建议；
3、对于指标波动等情况进行数据分析，出具分析报告，提出有效建议。
4、根据当前电销情况，给出合理电销名单及策略
岗位要求：
1、本科及以上学历，数学、统计、金融等理工类专业；
2、2年以上金融行业或银行理财大客户管理或数据分析相关工作经验；
3、精通各类Office办公软件，能熟练使用SQL、EXCEL，擅长Excel VBA操作；
4.精通相关数据分析软件，如 T a b l e a u等
5.有较强的逻辑分析能力、数据敏感性，工作严谨，认真负责。",北京,上海淇毓信息科技有限公司,今天 16:17,数据分析,15k-30k
1-3年,大专及以上,"岗位职责：
1.负责媒体各项投放数据汇总，完成日报、月报等周期分析报表，协助维护及优化现有的BI报表；
2.基于业务需求以及数据特点，制定相关数据报表，使用数据分析工具，洞察数据内在规律，为业务决策提供依据；
3.监控每日投放、竞品等数据，对异常数据进行跟踪分析；
4.逻辑思维严密，有较强的数据分析处理能力, 能够独立完成常规报表输出。

任职要求：
1、大专以上学历，有数据分析者优先；
2、熟悉excel函数应用，熟练使用1种以上数据分析工具(如MYSQL、Power BI等）；
3、对数据敏感，有较强的逻辑分析能力以及业务理解能力；
4、熟悉电商业务，对电商数据有一定了解。",广州,广州素隐商贸有限公司,今天 15:38,数据分析,6k-10k
1-3年,本科及以上,"岗位职责：
1、负责现金贷贷前、贷中、贷后数据分析，设计风控监控报表；
2、推动风控流程进行设计与优化；
3、与业务相关部门紧密合作，推动风险政策与策略在具体业务层面进行落实，及时了解前端需求和变化，在合理控制风险前提下推动业务发展；
4、完成领导安排其他相关工作

岗位要求：
1、经济、数学、统计、计算机等相关专业全日制本科（含）及以上学历，研究生及以上优先；
2、2年及以上在个人信贷行业、互联网金融公司或信用卡中心风控数据分析实践经验；
3. 对数据敏感，具有优秀的数据分析能力和解读能力，对数据监控、风险预警具有独到的见解。
4、熟练使用SQL，熟悉Python、SAS、R等是加分项；
5、具有良好的书面表达能力、严谨的逻辑思维能力、较强的协作精神、沟通能力、研究能力以及创新能力；
6、熟悉互联网金融风控特点；
7、能够接受创业型团队的节奏，对创业团队有特别兴趣、愿意同公司一起发展。",上海,广东省电信规划设计院有限公司,今天 14:57,数据分析,8k-15k
1-3年,本科及以上,岗位职责1.根据各产品线投入产出数据建立ROI预测模型，可合理有效的预测回收周期；2.对投放数据进行日常监控、预警、分析，定期对阶段性投放效果进行分析总结：发现潜在问题，提出合理执行建议；3.游戏内日常数据监控、预警、分析、挖掘工作，对产品调优、产品运营提供有力数据支持;4.定向活动以及功能分析，根据历史数据给出活动及功能制定建议，并对上线后表现分析总结，给出合理改进优化建议；5.开展专题式产品及市场深度分析挖掘，分析建模、数据检验、产出分析报告，指导产品调优、运营策略制定。任职要求1.本科以上学历，1年以上游戏或互联网数据分析经验；数理逻辑清晰，数据敏感度高；数学专业、统计学专业优先；2.熟悉游戏业务指标使用方法及场景，能够独立完成游戏业务分析；3.熟练使用SQL语句、EXCEL；掌握SPSS、R、SAS等其中一种分析工具；4.具有一定的数据挖掘、建模、预测能力；可独立对游戏进行深入挖掘5.良好的沟通能力、文档表达能力、部门协作能力；6.出色的学习能力，能够快速融入业务；能够根据业务需求不断提升自己；7.有独立完成游戏产品数据分析工作者优先。,北京,北京博乐科技有限公司,今天 14:30,数据分析,10k-16k
不限,学历不限,"Position Description:  
1. 对部门的日常话务数据、商机数据、销售进度数据进行支持2. 根据经理需求定期对历史数据进行分析3. 和相关接口人沟通获取数据，把控流程所有节点的数据4. 完成各项业绩报表的设计与定期发布；  
Position Requirements:  
1. 大学专科以上学历，有相关工作经验优先。计算机软件、统计类、数学类相关专业优先2. 具备数据敏感性；良好的逻辑能力和分析能力；3. 性格踏实沉稳；4. 熟练运用Office办公软件，尤其是Excel5. 较好的英语听说读写能力；6. 对于公司数据严格执行保密政策",北京,联想（北京）有限公司,今天 14:17,数据分析,6k-8k
3-5年,本科及以上,"岗位职责：
1.建立资产管理部数据管理体系，搭建资产管理报表体系；
2.进行业务分析，提炼业务策略，挖掘业务改进点，并推进改进项目落地；
3.对客户进行分析，结合业务经验和计量方法，搭建优化客户分群模型；
4.负责资产管理风险政策的制定与优化，优化政策执行及运营管理效率效果。

任职要求：
1.具有相关工作经验3年以上，有贷后策略经验优先；
2.本科及以上学历，硕士及以上学历优先；
3.统计、数学、金融相关专业优先；
4.善于数据处理及分析，掌握SQL、Python等常用分析工具 （懂决策树、计量模型构建更佳）；
5.较强的逻辑思维能力、思考及解决问题的能力；
6.良好的表达沟通能力及执行力。",上海,上海数禾信息科技有限公司,今天 13:36,数据分析,15k-25k
3-5年,本科及以上,"我司为B2B硬件IT产品租赁行业独角兽，为了更快的适应我司的业务，希望有相关B2B行业对销售数据分析有经验的优秀人员加入！

岗位要求：
1、定期追踪销售关键指标，并从业务层面分析存在的问题，洞察问题的原因，提出指导改进策略。 2、销售业务关键业务流程分析，发现流程中的问题，提升销售效率；
3、分析销售数据背后的真实销售数据以推动整个销售目标的达成；
4、搭建销售数据体系，定期向部门提供日常报表、月报、季报等，针对指标数据异常，提出预警。

任职资格： 1、计算机、统计学、数学相关专业本科以上学历；
2、具有较深的数据挖掘分析功底，两年以上数据挖掘相关工作经验，与销售运营、销售数据分析或业务管理等相关经验者优先考虑；
3、熟悉常用数据分析工具，掌握sql语言、powerBI工具和Python分析； 3、较强的组织、协调、沟通、人际交往能力以及敏锐的洞察力； 4、责任心强，能承受较强的工作压力，具有很强的判断与决策能力，计划和执行能力及解决复杂问题的能力，能独立或支持团队完成数据分析工作； 5、为人正直，踏实稳重，思维严谨，有良好的服务意识。",北京,北京易点淘网络技术有限公司,今天 14:04,数据分析,15k-20k
3-5年,本科及以上,"职位职责：
1、负责部门层面的业务分析工作，收集、整理和可视化每天的业务数据，撰写优化运营日报/周报/月报，建立统计分析模型，深入研究和分析影响运营指标的关键因素；
2、跟踪业务/重点项目的发展变化，对业务经营发展状态进行监控分析，提出策略建议报告；
3、分析不同业务线的数据波动规律，从业务发展和营收等方面综合评估，规避业务风险，并提出改善建议；
4、协助数据产品运营团队，解决日常数据发布以及客户提出的复杂数据问题；


职位要求：
1、良好的数据敏感度，能从海量数据中提炼核心结果，有丰富的数据挖掘，信息采集整理，分析能力；
2、两年以上数据分析相关从业经验，有过物流行业、广告行业者、财务数据分析优先；
3、责任心强，具备沟通协调和闭环管理、推进能力；有带队经验者优先。",北京,北京木瓜移动科技股份有限公司,今天 13:12,数据分析,15k-25k
3-5年,本科及以上,"岗位职责：
1、负责使用大数据和人工智能技术，分析政务、银行、交通等领域的数据，深入挖掘内外部用户需求，理解市场，设计数据应用产品，实现分析建模、报表汇总、成果展示、用户运营等功能；
2、沟通协调项目进度，理清业务和技术的环节，与研发、运营团队紧密协作，推动数据产品落地实施，把控产品质量；

任职资格：
1、全日制大学本科及以上学历，信息科学类相关专业；
2、具有数据使用能力、业务抽象理解能力、需求提炼能力以及项目协调管理能力，有数据挖掘建模经历的优先；
3、熟练掌握SQL、Excel、Python等一种常用数据处理工具，有Axzure、Sketch、墨刀等原型设计软件的经验；
4、有良好的逻辑思维能力，较强的沟通能力和团队合作精神，能承担工作压力；

优先条件:
1、有智慧政务、数字政府、智慧城市、智能投顾等领域项目经验者优先
2、有分布式存储计算、数据挖掘、数据治理等项目经验者优先",北京,建信金融科技有限责任公司,今天 15:05,大数据分析师_技术管理与支持,16k-32k
1-3年,本科及以上,"岗位职责：

1、负责团队业务、人员指标建立及数据体系搭建，以衡量团队运营能力；  2、负责团队数据报表模板建立，并进行常态数据统计、监控，推动数据平台的建立及完善；  3、及时对数据进行深入分析，发现问题并提出改进意见，参与推动业务团队改善；  4、根据团队需要，提供专项数据支持；
 

任职条件：

1、2年以上数据分析工作经验，有客服或审核团队数据经验者优先；  2、本科及以上学历，统计学或数学相关专业；  3、熟练运用Excel进行数据统计与分析；  4、具备较强的逻辑思维，问题分析与解决能力；  5、具备良好的跨团队合作及沟通学习能力；",天津,北京达佳互联信息技术有限公司,今天 16:19,数据分析专员,8k-10k
3-5年,本科及以上,"1、有从事分布式数据存储与计算平台应用开发经验，熟悉Hadoop生态相关技术并有相关开发经验，有Spark/Flink/Storm的开发经验尤佳；
2、有大数据处理经验hbase、mongodb、redis、es等各类存储；
3、较为丰富的数据仓库及数据平台的架构经验，精通数据仓库建模及ETL设计开发；有较为系统的海量数据性能处理经验
4、负责分布式网络爬虫系统的架构设计与开发，包括爬虫、结构化提取和内容分析等相关功能及平台开发。",北京,北京步峰信息技术有限公司,昨天 17:55,大数据分析,15k-25k
5-10年,本科及以上,"1.数学、计算机、统计学等相关专业本科以上学历，5年以上相关工作经历；
2.丰富的大项目的经验，有丰富的跨团队、部门的项目资源整合能力，能够独立开展数据研究项目；
3.熟悉hive sql，熟悉各种大数据技术平台，有丰富的数据分析、挖掘、清洗和建模的经验；
4.对数据和业务敏感，有数据模型建立和运营经验、数据化运营经验、数据类产品类规划经验，尤其是互联网相关的优先；
5.具备良好的抗压能力、沟通能力和团队精神。",上海,博睿天下（成都）科技有限责任公司,今天 09:29,数据分析,25k-30k
1-3年,本科及以上,岗位职责:1、负责团队业务、人员指标建立及数据体系搭建，以衡量团队运营能力；2、负责团队数据报表模板建立，并进行常态数据统计、监控，推动数据平台的建立及完善；3、及时对数据进行深入分析，发现问题并提出改进意见，参与推动业务团队改善；4、根据团队需要，提供专项数据支持。任职资格:1、2年以上数据分析工作经验，有客服或审核团队数据经验者优先；2、本科及以上学历，专业不限，统计学或数学相关专业优先；3、熟练运用Excel进行数据统计与分析；4、具备较强的逻辑思维，问题分析与解决能力；5、具备良好的跨团队合作及沟通学习能力。,成都,北京达佳互联信息技术有限公司,2020-02-05,数据分析,8k-10k
1-3年,本科及以上,"岗位要求：
1、数据提取：
能够独立完成线上数据的提取、数据清洗、特征工程以及描述性分析等工作，及时反馈业务数据中的问题，推进业务进行。确保数据的及时性、有效性、准确性；2、数据整理：
发现库中数据问题，并及时上报，协同数据产品和研发对数据进行修正；3、表结构梳理：
辅助数据产品对表结构进行梳理；4、业务理解：
积极协调配合其他运营数据需求，支持并分析不同业务线的数据，完善数据分析报告并提供后续发展策略。

岗位要求:
1、本科及以上学历，统计、数学、社会学或计算机等相关专业；2、精通使用SQL、Excel和PPT，熟悉hive、spark优先；
3、业务理解业务强，可快速把握业务重点；4、数据敏感，逻辑清晰，有良好的信息搜集能力。",北京,北京拉勾网络技术有限公司,今天 10:15,数据分析师,10k-20k
5-10年,本科及以上,"岗位职责：
1、负责产品和用户运营数据分析，洞察挖掘转化提升点，提出方案建议，支撑运营决策和跟踪分析；
2、负责业务数据指标建设，支持业务日常运营和分析；
3、基于现有数据展示平台，实现运营指标可视化；
4、根据实际业务情况，对数据进行建模和挖掘，与运营部门一起建立并持续完善数据分析模型；

任职要求：
1、本科及以上学历，计算机、应用数学、统计及相关专业；3年以上大数据分析相关经验；
2、以目标提升为导向，侧重增长的分析思维；
2、熟悉SQL，Hive，至少一种数据可视化工具和方法；
3、熟悉python优先
4、良好的沟通交流能力，较好的逻辑分析能力，善于理解和分析业务，对数据敏感。",深圳,万兴科技集团股份有限公司,昨天 17:46,大数据分析师,13k-25k
3-5年,本科及以上,"岗位职责：
1、业务分析：深入业务，了解业务痛点，为业务线建立数据支持体系，通过数据为业务优化提供效果评估及数据决策支持；
2、用户模型：构建用户分析体系，包含用户行为分析、用户画像分析等，挖掘潜在的规律趋势，协助业务进行策略优化；
3、目标监测：测算业务目标，跟进和监督各业务目标完成情况，有效提供改进策略和实施建议；
4、可视化呈现：与产品、运营和市场等团队合作，明确监测指标，保障数据可视化。

岗位要求：
1、本科及以上学历，统计、数学、社会学或计算机等相关专业；
2、精通使用SQL、Excel和PPT，能够熟练使用Tableau、R和Python；
3、业务理解业务强，可快速把握业务重点，形成分析框架且有自己明确的观点输出；
4、数据敏感，逻辑清晰，有良好的信息搜集能力；
5、有良好的报告撰写能力、演讲和价值输出能力；
6、有数据分析及建模相关经验优先，如：用户画像、财报研究、商业变现分析等。",北京,北京拉勾网络技术有限公司,今天 10:15,资深数据分析师,20k-35k
3-5年,本科及以上,"岗位职责：
1、业务分析：深入业务，了解业务痛点，为业务线建立数据支持体系，通过数据为业务优化提供效果评估及数据决策支持；
2、用户模型：构建用户分析体系，包含用户行为分析、用户画像分析等，挖掘潜在的规律趋势，协助业务进行策略优化；
3、目标监测：测算业务目标，跟进和监督各业务目标完成情况，有效提供改进策略和实施建议；
4、可视化呈现：与产品、运营和市场等团队合作，明确监测指标，保障数据可视化。

岗位要求：
1、本科及以上学历，统计、数学、社会学或计算机等相关专业；
2、精通使用SQL、Excel和PPT，能够熟练使用Tableau、R和Python；
3、业务理解业务强，可快速把握业务重点，形成分析框架且有自己明确的观点输出；
4、数据敏感，逻辑清晰，有良好的信息搜集能力；
5、有良好的报告撰写能力、演讲和价值输出能力；
6、有数据分析及建模相关经验优先，如：用户画像、财报研究、商业变现分析等。",北京,北京拉勾网络技术有限公司,今天 10:15,资深数据分析师,20k-35k
3-5年,本科及以上,"1、2年以上数据分析经验；
2、英语听说读写熟练；
3、接受到岗期一个月。",成都,上海华钦信息科技股份有限公司,昨天 18:05,数据分析,9k-13k
3-5年,本科及以上,"岗位要求：
负责美的智能产品数据挖掘分析，驱动产品智能及用户体验提升，主要包括：
1、通过数据洞察发现问题及分析场景，撰写分析报告及建议解决方案，推动业务变革；
2、使用常用的数据分析及挖掘算法模型，按需求建立模型，为业务提供决策支持；
3、面向用户、事业部及业务部门发布数据报告及数据小品；
4、参与数据产品及数据可视化建设；
5、挖掘智能用户、设备数据，制定标签为营销企划提供数据支撑；

工作要求：
1、统招本科及以上学历，3年以上工作经验，2年以上数据分析或数据挖掘经验；
2、熟悉常用的数理统计理论、数据分析方法及挖掘算法；
2、掌握R、Python、SPSS等至少一钟分析挖掘工具；
2、熟练使用办公软件，有较强的报告撰写能力及一定的汇报能力；
4、数据大数据体系基本架构，能够使用SQL查询取数""

【加分项】
1、有机器学习、深度学习实践经验；
2、有用户标签应用产品经验；",广州,广东美的制冷设备有限公司,今天 15:06,大数据分析运营,15k-25k
3-5年,本科及以上,岗位职责：1、负责客户端和门户核心数据指标和新产品功能的日志收集、指标定义、数据监控、数据异常分析  2、负责业务产品或算法建模效果数据分析，以统计分析，数据探索和预测建模等大数据分析技术，驱动业务的提升与优化3、及时响应产品、运营、市场或者BD的数据统计和分析需求4、参与和指导数据平台与分析工具的建设岗位要求：1、统计学或计算机相关专业本科以上学历，2年以上工作经验2、3年以上互联网数据分析相关经验，熟悉常用的数据建模方法如回归、聚类、关联分析等，熟练操作数据提取、处理和分析软件，如Python、R、SQLHql、Excel、SPSS等3、熟悉Java，精通SQL语言、熟悉主流大数据框架（Hadoop/Hive/Spark/RDB）4、具有快速学习和思考能力，优秀的商业分析能力、敏锐的数据洞察力、结构化思维能力,南京,南京联创信息科技有限公司,今天 14:51,大数据分析师,10k-18k
3-5年,本科及以上,"工作职责
1． 根据业务或数据产品经理的需求实现对业务指标数据的采集、清洗、分析建模与计算、可视化展示，以及数据采集等支出业务的决策；
2．参与数据分析平台的选型、部署、研发及维护等工作；
3．不断完善和创新数据分析架构，不断应用和创新数据分析工具，提升各类数据分析报告质量。
任职要求：
1． 3年以上数据分析、数据挖掘研发工作经验，211本科及以上学历，数学、统计、计算机类专业优先；
2． 精通SQL/Hive，熟悉mysql使用和性能优化，熟练运用R、Python、SPSS、SAS等至少一种语言，了解Tableau、Qlik等可视化工具，熟悉sqoop/kettle/informatica等ETL工具。有Hadoop、Spark等平台的海量数据处理经验优先；
3．具备较强的数据敏感度，能结合产品团队的需求完成建模分析，熟练运用数据挖掘技术对数据进行分析处理；
4． 具备优秀的沟通协调能力和团队合作精神，自我驱动，有owner意识，交付能力强；跨团队与部门的沟通能力强，有较强的团队协作意识和能力；
5． 有互联网数据分析、零售店铺数据分析等工作经验优先。",深圳,深圳市丰宜科技有限公司,今天 16:27,大数据分析与挖掘工程师,18k-30k
3-5年,本科及以上,"岗位职责:
1、负责研究和应用金融领域数据分析、模型构建知识和技术体系搭建；2、负责内外部各类数据的采集、对接，准入评判、质量分析评价，构建分析数据资源池；3、负责大规模海量数据的特征提取和价值挖掘，发现数据的分布密度、变化趋势、相关关系等；4、负责大数据营销、风控方向、运营产品需求分析、方案设计，通过海量数据挖掘、机器学习算法、人工智能、物联网等技术，构建用户画像、个性化推荐、预测、 风险控制等系统；5、负责大数据挖掘项目的设计、实现、算法调研、优化，持续提升用户产品体验；调研并促进数据分析、挖掘在公司多个业务领域的应用。
任职资格:
1、重点院校统招全日制本科及以上毕业，计算机、数学、金融相关专业背景；2、三年以上工作经验，熟悉非银类、银行类金融业务知识，具有大数据风控、营销类数据挖掘项目经验；3、熟练掌握一种或以上的开发语言，如Java、Python、Scala或R等编程语言；4、熟悉常用机器学习、数据挖掘、推荐系统等相关算法；主动性强、学习能力强，易沟通，团队合作精神佳。",北京,滨海（天津）金融资产交易中心股份有限公司,今天 16:13,JS003-大数据分析师,20k-40k
3-5年,本科及以上,"职位描述：
1、负责产品和用户运营数据分析，洞察挖掘转化提升点，提出方案建议，支撑运营决策和跟踪分析；
2、负责业务数据指标建设，支持业务日常运营和分析；
3、基于现有数据展示平台，实现运营指标可视化；
4、根据实际业务情况，对数据进行建模和挖掘，与运营部门一起建立并持续完善数据分析模型。

任职要求：
1、本科及以上学历，计算机、应用数学、统计及相关专业；3年以上大数据分析相关经验；
2、以目标提升为导向，侧重增长的分析思维；
2、熟悉SQL，Hive，至少一种数据可视化工具和方法；
3、熟悉python优先；
4、良好的沟通交流能力，较好的逻辑分析能力，善于理解和分析业务，对数据敏感。",深圳,万兴科技集团股份有限公司,今天 12:47,大数据分析师,15k-20k
5-10年,大专及以上,"1.负责从数据底层提取各维度数据，通过数据挖掘和分析，为业务决策和开展进行保驾护航；
2. 负责数据的产品化、报表化、可视化，包括搭建业务的基础数据指标体系，开发并维护相应的数据报表，提高人效；
3. 参与搭建相关业务数据模型，从数据角度提供论证与支持；
4. 负责监测业务的日常数据，关注数据波动并能够分析和解读数据异常；
5. 其他数据类相关工作的支持。

1、计算机科学、信息科学、机器学习、人机交互、统计学、应用数学等领域专业；
2. 三年以上数据相关岗位的工作经验；
3. 熟练使用SQL/Hive等数据库语言，熟悉Python或者R等数据处理语言；
4. 有Hadoop、Spark等平台的海量数据处理经验优先；
5. 有国内外互联网公司或其他行业的数据BI分析经验优先。
6. 较强的内驱力和抗压能力、以结果为导向；责任心强，用于承担工作压力。""",北京,北京京东世纪贸易有限公司,昨天 17:36,数据分析,15k-25k
3-5年,本科及以上,"岗位职责：
1、负责公司业务、产品线数据、日常经营数据的整理和分析；
2、完善数据报表体系，及时准确监控运营状况，并提供专业分析报告；
3、收集并整理系统功能改进和优化的需求，提出改进建议。
岗位要求：
1、本科以上学历，统计学、数学等相关专业，1年以上数据分析经验；
2、精通excel（常用及高级函数），或能利用SQL/Python等数据分析软件处理大量数据；
3、有较强的逻辑思维和学习能力，善于沟通，具有良好的团队合作精神；敏锐的商业嗅觉，对数字敏感。",北京,北京小辛便捷科技有限公司,昨天 15:52,数据分析,12k-20k
3-5年,本科及以上,"职位描述：
1. 分析广告业务流程中指标变化，对异常情况进行问题排查；
2. 广告投放中的案例分析、形成案例报告; 支持运营和PM；
3. 建设和完善分析报表。
职位要求：
1. 良好的数据开发能力，掌握hive/mysql等工具；
2. 熟悉1-2种分析工具；
3. 掌握一定的分析方法论和统计知识。",上海,威斯科技（苏州）有限公司,昨天 10:37,数据分析,20k-40k
5-10年,硕士及以上,"工作职责：
1、 参与海量数据预处理、分析及其加速
2、 探索、开发并维护数据基础设施，提供各种高效数据访问和处理工具
3、 优化并行计算模型，利用经典的机器学习模型快速提取数据特征
4、 基于数据特性，设计新的机器学习模型，并使设计的模型输出可解释性的结果


任职资格：
1、 全日制硕士及以上学历
2、熟悉大规模数据处理的技术，了解分布式计算环境的基本原理
3、 熟悉服务器各种基本操作，包括服务器的资源分配与管理
4、 有快速编程能力（Python, Scala和C++等）
5、 熟练掌握传统机器学习模型（KMeans, GMM和SVM等）的基本原理及其实现
6、 有深度学习模型开发经验
7、 熟悉Hadoop生态圈，以及Hbase、Spark等开发者优先考虑",深圳,深圳云天励飞技术有限公司,今天 09:42,大数据分析工程师,35k-55k
3-5年,硕士及以上,"（1）大数据项目协同：以提升产品和服务体验为目的，从用户的角度提出大数据项目需求，并推动需求落地。
（2）大数据分析：美的地动仪、观星台、企划通、美云销、服务号等现有平台、天猫、京东等电商平台，数据分析。
（3）调研数据整合分析：将现有的定性、定量调研的产品、用户数据进行整合分析。
（4）资料分析：搜集和购买情报，并对数据进行分析。
（5）数据库的搭建与维护： 已有数据库的优化，新数据库的搭建。
（6）管理工作：负责小组工作的规划、项目管理，人才的招聘和培养，知识体系的搭建与沉淀。协助事业部中长期技术规划工作的开展。

（1）从事数据分析工作3年以上，计算机、数据挖掘、信息管理、统计学等专业背景优先。
（2）熟悉关系数据库技术和大数据工具，如SQL、Spark、Map Reduce、Hadoop等，至少熟悉一种BI工具，能熟练使用至少一种数据分析工具，如SAS、SPSS、R、Python等
（3）有较好的文字功底，表达和表现能力强，善于提炼，并生动的呈现研究结论。
（4）能独立沟通项目需求，并开展项目。
（5）英语阅读和口语较好，能在其他人的协助下开展海外研究项目。
硕士，稳定性",佛山,拉勾猎头,2020-02-03,大数据分析,15k-30k
5-10年,本科及以上,"工作职责：
1.全面参与美团大数据分析平台的架构设计和相关项目的研发工作；
2.通过系统建设，降低业务分析数据的门槛，影响和提升业务对数据价值挖掘的能力和效率；
3.能够深入理解业务，进行重点难点技术攻关工作，将技术实现与业务场景联系起来，快速解决业务需求问题；
4.确保系统的架构质量，并能识别风险，保障系统的可用性；
5.具备应急的技术处理能力；
6.不断探索技术新领域，推动技术能力的沉淀和技术氛围的建设。

【专业要求】
 本科或 以上学历，计算机或相关专业；
【编码基础和项目实践能力】
1. 有扎实的Java语言基础、软件工程基本功和强悍的编码能力；
2. 熟练掌握数据结构与算法，了解常用的开发框架（比如Spring、MyBatis），重视代码质量和代码风格，熟悉常用的版本控制工具（如Git）；
3. 2年以上大型分布式计算平台相关的经验。有一定的高并发、分布式、缓存实践经验。对稳定性、性能、扩展性有自己的理解和实践经验优先；
4. 3年以上软件工程管理经验。熟悉软件项目管理、敏捷管理方法论，在中大型项目中有所实践；
5. 熟练掌握关系数据库、NoSQL、内存数据库，熟悉SQL语言并有实际开发经验。

【大数据方向专业能力】
1.对数据敏感，熟悉数据仓库和数据集市概念，具有ETL设计与开发、数据建模、数据质量保障、元数据管理、指标体系建设等项目实践经验优先；
2.具有一定大数据平台设计、架构和研发经验，熟悉大数据至少2种相关系统，包括Hadoop、HBase、ZooKeeper、Spark、Hive、Kafka、Storm、Flink、ElasticSearch、Druid、Doris 等，深入了解内部架构和技术细节，具有研发和定制优化能力者优先；
3.有从0到1设计并实现PaaS化组件的能力者优先。

【通用能力和发展潜力】
1.优秀的团队合作能力和沟通能力。抗压力强，有责任心，心态开放，思路清晰；
2.技术视野开阔，有强烈的上进心和求知欲，对技术有不懈的追求，喜欢研究开源代码者优先。",北京,北京三快在线科技有限公司,今天 10:04,大数据分析平台研发工程师,35k-60k
3-5年,本科及以上,"1、参与数据分析与挖掘系统的需求分析，方案设计、系统研发和业务挖掘工作2、参与图像大数据挖掘项目的开发
任职资格：1、熟悉Java平台IO、多线程、网络等基础知识和相关框架2、熟悉Linux基础知识和常用命令，能较强的分析和解决问题能力3、熟悉HDFS、Hbase、Hive等大数据存储技术工具，原理和应用4、熟悉Yarn/Mesos、MapReduce/Spark，Kylin等大数据分析技术的一种或多种5、熟悉数据集成和大规模数据转换技术和工具，如Kettle，Sqoop，Flume等6、熟悉数据采集工程（爬虫）工作原理，能编写和部署大规模爬虫系统",深圳,深圳云天励飞技术有限公司,今天 09:42,大数据分析与挖掘工程师,17k-28k
3-5年,本科及以上,"岗位职责：
1.根据业务需求，从海量数据中，提取挖掘有效特征;
2.结合客户数据，使用内外部特征，训练出有效模型，优化客户的运营效果；
岗位要求：
1.计算机、统计或数学相关专业，2年及以上大数据挖掘项目经验；
2.熟悉分类、聚类、回归等常见机器学习算法及其原理；
3.熟练使用SQL查询、有一定的SQL代码调优能力；
4.熟悉Linux操作，至少掌握一种开发语言Python，Scala，Java；
5.对Hadoop、Spark等大规模数据存储与运算平台有实践经验；
6.熟悉Keras、Pytorch、TensorFlow等深度学习框架，有实际应用经验；
7.有强烈的责任心和团队合作精神，思路清晰、较好的沟通能力与技术学习能力。",杭州,浙江每日互动网络科技股份有限公司,今天 17:38,数据建模工程师,15k-30k
5-10年,本科及以上,"成功的候选人将承担技术职责，包括：

・设计和准备测试环境，包括Hadoop平台及其上构建的应用程序/工具的设置和部署。
・设计/定义测试用例，以确保测试范围和产品质量
・基于框架的测试自动化脚本开发
・负责来自带有不同模块的端到端集成测试和故障排除
・测试用例执行，发布错误以及后续修订验证
・与设计团队和跨团队一起进行故障排除并找到根本原因。
・提出改进和优化想法并跟进

 



・本科以上学历
・5年以上集成和测试人员领域的工作经验，2年以上与大数据生态系统相关的项目的工作经验，例如Hadoop，Hive，HBase，Spark，Kafka；
・2年以上测试自动化框架（如机器人框架等）的工作经验。
・具有Linux Shell脚本，Jenkins等方面的经验，可以启用TA脚本开发功能
・大数据产品容量和性能测试的经验
・具有RDBMS（MySQL，PostgresSQL等）和NoSQL（HBase，MongoDB，Redis等）的经验者优先。
・有Elasticsearch经验者优先
・良好的沟通和愿意与公司合作
・流利的英语说/写能力，并能与外部团队交流英语
・井井有条，有系统思考
・有上进心和团队合作精神
・根据项目需求需要旅行，例如在客户现场的SIT / UAT阶段等。",广州,武汉佰钧成技术有限责任公司,今天 14:46,高级集成和测试自动化测试(大数据分析),17k-23k
不限,学历不限,"1.负责公司大数据平台的产品规划与设计工作（包括但不限于数据采集，治理、分析挖掘、数据应用等），收集用户/客户需求、进行市场和竞争分析、制定产品规划、设计产品功能、推进产品落地及迭代计划；
2.与业务部门保持良好沟通，收集、分析大数据平台产品的用户反馈，把握业务需求与技术需求的平衡，促进大数据产品的良性迭代；
3.深入了解车联网的应用场景及相关业务特点，对车辆产生的海量数据进行数据应用方向研究，设计数据分析挖掘方法；
4.负责数据仓库和业务数据集市设计，数据标准定义，组织部门间对数据口径达成一致；负责仓库验收，数据字典建设与维护；
5.研究数据挖掘模型，参与数据挖掘模型的构建、指标定义以及相关文档编写；。

岗位要求：
1. 大学本科以上学历，计算机、信息、数学、统计等相关专业本科及以上学历，3年及以上相关工作经历，车联网行业背景优先；
2. 熟悉大数据领域生态环境，了解hadoop相关技术，熟悉数据采集、数据加工、数据消费、数据应用等；
3、具有良好的数据敏感度，熟练掌握SQL 语言或其他数据分析软件，能理解业界常用的预测模型、统计模型和数据挖掘算法的基本原理;
5. 对新技术有持续的热情，对车联网、AI行业有强烈兴趣和好奇心，对数据驱动业务有深入理解，有较强的逻辑分析能力和独立思考能力；
6. 适应创业公司氛围，良好的表达沟通和协作能力，自驱力强，对工作有责任感，能够在压力下工作，高效快速地应对变化。",北京,浙江亿咖通科技有限公司,今天 09:06,数据平台产品经理（大数据分析挖掘方向),20k-40k
3-5年,本科及以上,职责描述：1、负责线上获客运营策略，从数据分析角度提高获客增长，提升运营效率，对各类活动中发现的问题进行跟踪，定位并提出优化建议；2、负责日常监控体系建设，对核心数据/关键指标监控，对于每日/每周/每月的波动能快速定位到原因；3、负责活动复盘，深入挖掘运营活动的效果，对客户数量/质量/画像/匹配进行分析；4、负责建立数据洞察体系，定期对行业、商户进行针对性的数据研究并形成分析报告，实现数据商业化；任职要求：1、本科以上学历，两年及以上大数据相关工作经验，有完整的大数据分析项目经验；2、熟练使用sql，hive等技术，了解hadoop工作原理；3、熟练使用linux操作系统，精通shell/python编程；4、熟练掌握数据分析工具（R、python、excel等），掌握常见的聚类、分类、神经网络等数据分析算法，能够独立产出数据报告，熟悉数据采集到报表展示的全流程；5、有一定的业务数据敏感度，较强的数据分析能力、逻辑思维能力，以及分析问题、解决问题的能力；6、强的沟通能力和团队合作能力，勇于承担工作压力7、有金融行业尤其银行业工作经验者优先,北京,河北幸福消费金融股份有限公司,今天 16:38,数据分析师,15k-28k
3-5年,本科及以上,"岗位职责：
1、通过分析用户数据，发现产品潜在的增长机会；
2、对核心业务数据指标进行日常监测分析，包含但不限于业务过程和项目运营指标（日、周、月报分析维度与框架）、业务结果指标；
3、快速响应业务需求，从头到尾主导业务层面的数据分析，并给出实用的业务结论和改善建议

任职要求：
1、3年以上工作经验 ， 统计学、应用数学、计算机等相关专业，本科及以上学历；
2、能熟练使用SQL读取数据（能够使用Python、R等工具提升数据获取效率加分）；
3、具备较强的沟通能力，能够清晰解释数据结论和业务建议 ；
4、能够独立完成业务方面数据分析需求，给出实用的业务结论和改善建议；
5、能够快速完成上级布置的任务；
6、对业务有深刻理解，能够主动提出有价值的业务需求，对需求进行重点识别和共性提炼；
7、具有团队协助精神，能够带领和培养部分BI成员；",北京,光合新知（北京）科技有限公司,今天 15:06,数据分析师,20k-30k
3-5年,本科及以上,"岗位职责：
1、基于会员增长、等级和权益等成长体系，完善会员营销数据体系，挖掘用户需求，逐步提升会员营销工具的核心能力；
2、获取不用来源的用户和业务数据，对业务链路进行分析、监控，并将这些数据结合起来分析用户行为，确保业务的设计严密并且统计有效；
3、跟踪/评估新产品和新项目的实施，促进用户触达和各环节转化率，带来增长效果；
4、通过沉淀数据产品，满足部门日常数据需求。
任职资格：
1、3年以上数据分析/挖掘相关工作经验；
2、对数字敏感，具备较强的分析总结能力和数据呈现能力；
3、精通SQL，熟悉R/Python语言优先；
4、有数据化运营、数据类产品规划等相关经验优先，精通PPT数据体系展现加分；
5、有用户增长，流量运营，电商，o2o 其中的一种运营经验，对业务敏感，能通过数据的变化发现业务的原因并挖掘机会和风险点。",深圳,美的集团电子商务有限公司,今天 15:32,数据分析师-会员,15k-30k
1-3年,本科及以上,"岗位职责：
1、深入理解公司业务需求，建立用户全生命周期的风险评级体系；
2、从策略优化的角度，设计模型的使用策略并不断迭代优化；
3、协调研发各相关部门，推动模型的上线、投产，并做好模型的追踪、评估等工作；
4、与前端产品团队合作，从风控角度进行产品的开发设计；

岗位要求：
1、本科或以上学历，金融、数学、计算机、运筹学、统计类相关专业毕业，硕士优先；
2、熟悉基本的数据挖掘模型，如回归、决策树、聚类、GBDT等算法模型；
3、2年以上数据挖掘工作经验，有消费信贷评分卡开发经验或机器学习模型开发经验优先；
4、会使用python\sas\R中至少一种编程语言做数据分析和建模，熟悉MySQL、Oracle等数据库及hive sql；
5、工作积极主动，抗压能力强；能够熟练阅读英文专业资料优先；

因为暂时远程办公，先安排电话面试！",深圳,深圳市众智辰科技有限公司,今天 13:39,数据建模岗,20k-25k
1-3年,大专及以上,"岗位职责：
1. 负责日常报表的制作，并分发相关部门。
2. 负责大促前预热数据及大促间销售分析。
3. 负责自动化报表的跟进，提升工作效率。
4. 负责预算拆解，将公司预算拆至平台。
5. 负责从情报通，生意参谋等软件取相关数据。
6. 严格执行上级领导的指示。

任职要求：
1. 大专及以上学历，统计学，电子商务，市场营销等专业
2. 2年以上商品数据分析经验。
3. 熟悉电商相关业务逻辑，对数据敏感，对零售数据流程熟悉，沟通表达好。
4. 性格乐观，心里素质好，具有一定抗压能力",深圳,深圳全棉时代科技有限公司,今天 16:10,商品数据分析专员,6k-10k
3-5年,本科及以上,"职位职责：
1、设计搭建经营分析报表，定期输出月度、周、日报告，支持游戏业务管理层决策；
2、针对专题问题进行数据分析,输出业务数据洞察，提出经营优化建议；
3、规划设计游戏经营数据分析体系，推动相关的数据产品和系统工具建设。
职位要求：
1、本科及以上学历，5年及以上数据分析相关的工作经验；
2、精通数据分析相关工具,包括但不限于SQL, Python/R, Tableau等；
3、热爱游戏，玩过多种类型的手机游戏，对数据有直觉；
4、优秀的沟通能力，能够把数据洞察“翻译”为业务语言；
5、有咨询公司/大型互联网和科技公司数据产品项目管理经验优先。",北京,北京字节跳动科技有限公司,今天 15:50,游戏经营分析-数据分析专家,20k-40k
3-5年,本科及以上,"岗位职责：
1、负责预定资产部数据统计分析挖掘、发现问题以提供策略建议，并配合策划并落实精准营销方案；
2、理解业务的方向和战略，产出有效的数据模型，形成分析报告，提供数据支持；
3、规划数据分析应用项目，开展并推动项目应用和发展；
4、派驻或对口支持业务部门提供数据分析服务，与业务部门合作开展业务专题分析；
5、搭建全面的、准确的、反映业务特征的业务数据指标体系，及时发现与定位业务问题。

任职要求：
1、三年以上互联网行业数据分析、挖掘与建模经验；
2、本科及以上学历，数据统计、市场营销专业优先；
3、良好的内外部沟通协调能力，善于团队协作，做事主动积极；
4、对数据敏感、逻辑思维能力强，有清晰的思路和数据建模方法论；
5、精通SQL数据查询语言，Python进行数据分析和模型开发；
6、掌握多种机器学习算法，并具备良好的模型调优能力。",北京,北京桔子分期电子商务有限公司,今天 14:41,资产数据分析师,16k-18k
3-5年,本科及以上,"岗位职责：
1、根据业务目标需要，开发用户响应、流失预警等营销模型，和运营业务团队一起运用模型完善业务经营策略和营销方案。
2、建立和完善业务运营指标数据，跟踪预测客群走势。支持信贷业务数据库报表规划管理与业务数据探查分析。
3、分析评估公司内外数据和变量，提出数据引入、使用方面的策略。

任职资格：
1、大学本科（含）以上学历，数理、金融、计算机等专业毕业
2、具有较强的数据分析能力和逻辑思维能力，具有一定的模型经验
3、熟练处理各种数据,熟练运用SQL，
4、精通SAS/R/Python等至少一种数据处理分析语言
5、熟练应用办公软件Excel、Word、PowerPoint等
6、具有3年以上银行、消费金融公司、小贷公司运营、风险管理等相关工作经验",上海,上海数禾信息科技有限公司,今天 13:36,数据建模（营销方向）,20k-30k
