德尚世家 大南山脚下高端别墅，上下三层，样板房装修,6室2厅,267.47平米,"			共1层
		
",南北,2012年建,前海二手房,德尚世家 (德尚世家花园),"
          "
香榭里花园二期 新出房源 精装修 2室2厅 业主诚心卖,2室2厅,125.27平米,"				低层/13层
		
",北,2003年建,香蜜湖二手房,香榭里花园二期,"
          "
幸福城三期 欧式园林小区漂亮，精装修复式三层六房，户型好，方正,6室2厅,89.82平米,"				高层/32层
		
",南,2015年建,龙华中心二手房,幸福城三期 (幸福城润园三期),"
          "
南海玫瑰园二期 满五年 本在手 大花园 拎包入住 格局大气 ,4室2厅,130.65平米,"				低层/18层
		
",西南,2005年建,蛇口二手房,"南海玫瑰园二期 (南海玫瑰花园二期,玫瑰花园二期)","
          "
中海塞纳时光 大运新城精装3房，中间楼层， 小区环境很好,3室2厅,75.56平米,"				高层/24层
		
",北,2010年建,大运新城二手房,中海塞纳时光 (中海康城花园二期),"
          "
九州家园一期 精装3房业主诚意出售,3室2厅,125.14平米,"				中层/10层
		
",南,2002年建,龙岗双龙二手房,九州家园一期 (九州家园),"
          "
华业玫瑰郡 华业玫瑰郡，一房一厅，诚心出售,1室1厅,41.26平米,"				高层/11层
		
",南,2008年建,龙岗中心城二手房,华业玫瑰郡,"
          "
鸿威de森林 龙岗后花园，高拓4房2厅1卫大阳台，送40平,4室2厅,144平米,"				中层/23层
		
",南北,2014年建,龙岗中心城二手房,鸿威de森林 (鸿威鸿景华庭),"
          "
金叶茗苑 体育馆生活圈 精装四房 送大平台 满五惟一,5室2厅,142.37平米,"				高层/14层
		
",东北,2000年建,翻身二手房,金叶茗苑,"
          "
万科时代广场 品牌商开发自带精装修地铁站物业 楼下是万科大型商业,2室2厅,68平米,"				低层/32层
		
",东北,2015年建,龙岗中心城二手房,万科时代广场 (万科广场V寓),"
          "
"阳光粤海 毛坯三房，可随心装修,房本在手无欠款",3室2厅,95.27平米,"				低层/35层
		
",东北,2016年建,"
          "
八十步海寓 顶层复式，豪华装修，看房方便。,4室4厅,253.44平米,"				高层/5层
		
",南,2012年建,梅沙二手房,"八十步海寓 (钜业玫瑰园,海丽晶商住园)","
          "
半岛苑 花园中间安静大两房 可改三房 税少看房方便,2室2厅,77.67平米,"				中层/11层
		
",南,2000年建,布吉大芬二手房,半岛苑 (东方半岛花园B区),"
          "
拾悦城 沙井站 楼层采光好.不正对地铁噪音较小.,3室2厅,80.88平米,"				高层/32层
		
",南,2019年建,沙井二手房,拾悦城,"
          "
九号公馆九誉 靠山复式5套房 前后双阳台 三面采光 南北通透,5室2厅,181.78平米,"				低层/30层
		
",南,1996年建,曦城二手房,"九号公馆九誉 (中海九号公馆九誉,尖岗山名苑二期)","
          "
广物花园 后海广物花园方正三房。,3室2厅,109.95平米,"				高层/8层
		
",北,1995年建,蛇口二手房,广物花园,"
          "
金色都汇 高鼎两房、顶高大气、全新装修、业主诚心出售,2室2厅,67.63平米,"				高层/30层
		
",东南,2004年建,春风路二手房,金色都汇 (冠懋金色都汇),"
          "
万科第五园八期 高楼层精装大三房 朝南看山看水 红本在手,3室2厅,89.29平米,"				高层/18层
		
",南,2009年建,坂田二手房,万科第五园八期 (第五园八期),"
          "
港澳8号 精装两房，不限购不限贷，业主诚心放卖,1室1厅,49.01平米,"				高层/36层
		
",南,2012年建,东门二手房,港澳8号 (港丰大厦),"
          "
半山溪谷 楼梯3房 带装修 小区安静 满2年 红本在手,3室2厅,61.81平米,"				中层/5层
		
",东,2004年建,盐田二手房,半山溪谷 (中海半山溪谷花园),"
          "
前海时代广场CEO公馆 前海自贸区 花园社区 看房海景珍藏品,4室2厅,163.36平米,"				中层/11层
		
",南,2015年建,前海二手房,前海时代广场CEO公馆,"
          "
雅庭名苑 一楼的花园，复式五房，精装修，南北通透,5室2厅,213.54平米,"				低层/7层
		
",南,2002年建,龙岗中心城二手房,雅庭名苑,"
          "
宇宏健康花城 高端小区，装修好，高负氧离子的生态宜居社区,3室2厅,89.22平米,"				中层/33层
		
",西,2016年建,布吉大芬二手房,宇宏健康花城 (岭宏健康家园),"
          "
和兴花园二期 实验学校电梯三房两卫税少满五年龙城公园旁边,3室2厅,101.7平米,"				低层/11层
		
",西南,2002年建,龙岗中心城二手房,"和兴花园二期 (和盛苑,和兴花园)","
          "
金中环商务大厦 业主诚心在售 精装修 格局方正实用 投.资自用皆可,1室0厅,53.38平米,"				中层/23层
		
",北,2005年建,福田中心区二手房,金中环商务大厦 (金中环大厦),"
          "
8克拉 坪山行政服务大厅后面公寓大单间 视野开阔通透性好,1室0厅,36.28平米,"				高层/8层
		
",南,2015年建,坪山二手房,8克拉 (启兴配套生活区),"
          "
君临天下 豪华装修楼层高,1室2厅,76.05平米,"				高层/45层
		
",西,2013年建,车公庙二手房,君临天下 (君临天下名苑),"
          "
立新花园二期 东门晒布，两房一厅，业主诚心卖,2室1厅,51.25平米,"				中层/14层
		
",东南,1990年建,东门二手房,立新花园二期 (立新花园),"
          "
香诗美林花园 改善型三房 背山面海 景观很好 而且住家很安静,3室2厅,117.11平米,"				低层/33层
		
",西北,2005年建,竹子林二手房,香诗美林花园,"
          "
信义锦绣花园 精装修 朝花园大三房  高层 采光好 诚心卖,3室2厅,94.06平米,"				高层/11层
		
",东,2007年建,横岗二手房,信义锦绣花园,"
          "
圆梦园 圆梦园120平大三房，红本满五年，税费少,3室2厅,119.61平米,"				中层/11层
		
",南北,2000年建,保税区二手房,圆梦园 (碧翠府邸圆梦园),"
          "
承翰海语山林 葵涌二小旁，精装3房诚心出售。,3室2厅,88平米,"				高层/16层
		
",东南,2009年建,葵涌二手房,承翰海语山林 (海语山林花园),"
          "
丽湖花园 实用一房一厅  业主诚心出售,1室1厅,35平米,"				中层/18层
		
",东南,1997年建,布吉水径二手房,丽湖花园,"
          "
万科天誉 临三馆一城 地段媲美万象城 万科实验学校,4室2厅,123.26平米,"				高层/40层
		
",东南,2017年建,龙岗中心城二手房,"万科天誉 (万科天誉花园二期,天誉花园二期,天誉city mall)","
          "
皇御苑三期 御花园少有大3房出售 双大阳台 ,3室2厅,107.05平米,"				低层/25层
		
",南北,2008年建,皇岗二手房,"皇御苑三期 (御花园,皇御苑C区)","
          "
风临国际 三号线吉祥站物业，简装一房可办公可住家，新亚洲可用,1室0厅,47.62平米,"				中层/29层
		
",南,2008年建,龙岗中心城二手房,"风临国际 (鸿基花园三期,风临域)","
          "
东方盛世 人车分流，花园小区，业主诚心出售 车位充足！,3室2厅,96.23平米,"				高层/16层
		
",南,2007年建,布吉关二手房,东方盛世 (东方盛世花园),"
          "
熙园 顶楼复式5房架构四房的价格公园景观安静，带露台,5室3厅,172.63平米,"				高层/11层
		
",南北,2004年建,香蜜湖二手房,熙园,"
          "
旭飞华达园一期 水贝珠宝商圈楼下是沃尔玛，高楼层朝向采光通风效果好,1室1厅,33.8平米,"				高层/21层
		
",南,2000年建,百仕达二手房,"旭飞华达园一期 (华达园一期,旭飞华达园)","
          "
城市天地广场 毗邻万象城 高层精装一房 畅享成熟配套 无税,1室0厅,57.51平米,"				中层/41层
		
",北,2005年建,人民南二手房,城市天地广场,"
          "
嘉宾花园 嘉宾花园三房两厅双阳台，采光好通风三个电梯五户,3室2厅,94.2平米,"				中层/28层
		
",西,1992年建,万象城二手房,嘉宾花园,"
          "
圆梦园 福田保税区3号门，质素物业，花园小区，地铁公交直达,4室2厅,139.57平米,"				高层/16层
		
",南,2000年建,保税区二手房,圆梦园 (碧翠府邸圆梦园),"
          "
东埔海景花园一期 东埔海景花园一期，高绿化园林区，一线海景房，环境好,3室2厅,116平米,"				中层/8层
		
",东南,1998年建,沙头角二手房,"东埔海景花园一期 (海景花园一期,东埔海景花园)","
          "
鸿隆世纪广场 方正实用三房近地铁税费少,3室1厅,97.5平米,"				低层/35层
		
",北,2010年建,地王二手房,鸿隆世纪广场,"
          "
万科广场 位置好 地铁连廊 精致装修 大阳台 东南朝向 ,3室2厅,127.27平米,"				高层/41层
		
",南,2014年建,龙岗中心城二手房,"万科广场 (万科天誉公馆,万科大厦,万科天誉中央广场)","
          "
东门町广场 罗湖老街 周边配套齐全小户型总价低上车盘,1室1厅,35.17平米,"				高层/13层
		
",北,1999年建,东门二手房,东门町广场 (南塘商业广场),"
          "
椰树花园 3房2厅 89.98平 七号线旁 位置安静 采光好,3室2厅,89.98平米,"				中层/8层
		
",东,1996年建,新洲二手房,椰树花园,"
          "
华业玫瑰四季 红本在手，满2年，商业成熟，双地铁，公园在旁边,3室2厅,88.37平米,"				中层/32层
		
",南,2015年建,红山二手房,华业玫瑰四季 (华业玫瑰四季馨园一期),"
          "
大世纪水山缘 必看丨精品房源 满五年 费用少 全南大两房,2室2厅,66.25平米,"				中层/11层
		
",南,2000年建,布吉南岭二手房,大世纪水山缘,"
          "
蔚蓝海岸二期 蔚蓝海岸2期，177平南北通大4房，花园中间,4室2厅,177.3平米,"				高层/18层
		
",南,2002年建,后海二手房,蔚蓝海岸二期 (蔚蓝海岸社区二期),"
          "
德意名居 位置安静、朝向好、采光好、户型方正、看房方便,3室2厅,86.81平米,"				高层/18层
		
",南,2009年建,大学城二手房,德意名居 (德意名居一期),"
          "
财富港 一套赠一套，住宅，1号线坪洲口200米,2室1厅,61.57平米,"				高层/33层
		
",南,2010年建,西乡二手房,财富港 (财富港大厦),"
          "
中加名园一期 百合外国语对面 舒适小区 性价比电梯房 已改三房,3室2厅,73.91平米,"				中层/7层
		
",南,2002年建,布吉关二手房,中加名园一期 (中加名园),"
          "
华业玫瑰郡 华业玫瑰郡南北通透四房，诚心出售，满五年，看房方便,3室1厅,154平米,"				低层/32层
		
",南,2008年建,龙岗中心城二手房,华业玫瑰郡,"
          "
阳光明居 翠园中学精致二房 居住舒适 ,2室1厅,55.02平米,"				低层/12层
		
",北,2002年建,布心二手房,阳光明居 (布心阳光明居),"
          "
盛景国际 新出房源 精致小户型 业主诚心卖 看房方便,1室1厅,46.58平米,"				低层/34层
		
",南,2005年建,竹子林二手房,盛景国际 (越众越海家园),"
          "
布吉中心花园 104平大三房楼旺买到赚到高楼层,3室2厅,104.1平米,"				高层/30层
		
",东南,2004年建,布吉街二手房,布吉中心花园,"
          "
东方瑞景苑 沃尔玛楼上，住家3房、平岗中学对面,3室2厅,89.13平米,"				低层/27层
		
",东北,2000年建,龙岗双龙二手房,东方瑞景苑 (世纪新城),"
          "
满京华喜悦里华庭 精装四房，满五年唯1，高楼层视野好,4室2厅,88.53平米,"				高层/32层
		
",南,2013年建,龙岗中心城二手房,"满京华喜悦里华庭 (满京华盈丰中心,满京华喜悦里(1-2)期)","
          "
鼎太风华七期 标准2房，安静看花园,2室2厅,69.03平米,"				低层/11层
		
",北,2008年建,前海二手房,鼎太风华七期 (鼎太风华社区七期),"
          "
通新岭 房子户型方正，精致装修。,3室2厅,93.04平米,"				高层/6层
		
",南,1980年建,华强北二手房,通新岭 (通新岭新村),"
          "
融湖中心城二期 精装4房 南北通透 楼层好 朝南,3室2厅,89平米,"				中层/31层
		
",南,2014年建,平湖二手房,融湖中心城二期 (融湖时代花园),"
          "
中海塞纳时光 大运新城片区 环境优雅 优质2房 ,2室2厅,75.25平米,"				高层/20层
		
",南,2010年建,大运新城二手房,中海塞纳时光 (中海康城花园二期),"
          "
翠薇园住宅楼 育才二小二中实用2房，户型方正，送入户花园，新装修,2室1厅,58.5平米,"				高层/7层
		
",东南,1989年建,蛇口二手房,翠薇园住宅楼,"
          "
世金汉宫 国贸附近 精装修 复试两房 租金高,2室1厅,49.79平米,"				高层/23层
		
",北,2004年建,万象城二手房,"世金汉宫 (世界金融中心,世金国际)","
          "
半岛苑 好房两房两厅 住家装修 环境优雅 满五红本在手,2室2厅,66.21平米,"				高层/7层
		
",南,2000年建,布吉大芬二手房,半岛苑 (东方半岛花园B区),"
          "
峰荟 峰荟花园 精美复式两房家私电齐全拎包入住 送管理费,2室1厅,54.78平米,"				高层/26层
		
",南,2013年建,光明二手房,"峰荟 (奥园峰荟,峰荟创智特区,峰荟花园二期,峰荟时代科技中心)","
          "
栖游家园 小复式，温馨3房，诚心出售,3室1厅,87.49平米,"				低层/34层
		
",南,2013年建,蛇口二手房,栖游家园,"
          "
阳光带海滨城二期 精致2房 安静花园大社区 南外学 位可用,2室2厅,84平米,"				低层/25层
		
",东,2011年建,科技园二手房,"阳光带海滨城二期 (深圳湾锦缎之滨,深圳湾彩虹之岸)","
          "
璞岸 精装修复试一线海景房，大阳台，拎包入住-看房方便,3室2厅,79.48平米,"				高层/23层
		
",南,2014年建,大鹏二手房,"璞岸 (璞岸花园,PURE33璞岸)","
          "
森威大厦 精装一房一室 租金回报高,1室0厅,46平米,"				中层/19层
		
",西,2000年建,春风路二手房,森威大厦,"
          "
福华大厦 精装大三房，业主急用钱诚心出售，楼层采光都不错,3室2厅,114.88平米,"				高层/20层
		
",南,1988年建,福永二手房,福华大厦,"
          "
国展苑  交通便利 户型方正实用 满五年  采光通风好。,2室1厅,54.76平米,"				中层/30层
		
",西,1997年建,布吉关二手房,国展苑,"
          "
恒大国香山花园 罗湖后花园 精装大三房 赠送20平拎包入住,3室2厅,89.6平米,"				低层/42层
		
",东南,2014年建,布吉南岭二手房,恒大国香山花园 (国香山花园),"
          "
西城品阁 端头位复式小四房，业主自住全新装修，满5年税费少！,4室1厅,43.55平米,"				低层/8层
		
",西北,2008年建,新安二手房,西城品阁,"
          "
景洲大厦 小区两栋适宜住家，带电梯高层建筑莲花山旁边,3室2厅,99平米,"				低层/31层
		
",西南,1998年建,景田二手房,景洲大厦 (振业景洲大厦),"
          "
天悦龙庭 豪装4室2厅满五年红本在手带车位南北通透,4室2厅,172.63平米,"				中层/28层
		
",西南,2005年建,宝安中心区二手房,"天悦龙庭 (天悦龙庭二期,龙光天悦龙庭二期)","
          "
汇龙天下 地铁物业，满五年，红本在手，精装修,3室2厅,88.6平米,"				高层/26层
		
",南,2010年建,龙岗中心城二手房,汇龙天下 (泽洋园),"
          "
银泉花园 业主急卖 精装修的三房 朝南采光好看房方便！,3室2厅,45.42平米,"				中层/11层
		
",南,2000年建,龙华中心二手房,银泉花园,"
          "
鲸山九期 太子湾招商高层住宅  统一装修,4室2厅,202平米,"				高层/28层
		
",南,2014年建,后海二手房,"鲸山九期 (鲸山别墅九期,鲸山花园九期)","
          "
上城世家 3房2厅 173平 普通装修 南北,3室2厅,173.13平米,"				低层/31层
		
",南北,2002年建,笋岗二手房,"上城世家 (嘉宝田花园三期,嘉宝田花园(二期))","
          "
桂芳园六期 朝西南 看园景 住家安静舒适 空中花园已做两层,3室2厅,95.12平米,"				中层/18层
		
",西南,2004年建,布吉大芬二手房,桂芳园六期,"
          "
"碧海云天二期 带车位,东南向，视野开阔",4室2厅,155.38平米,"				低层/28层
		
",南,2003年建,华侨城二手房,"碧海云天二期 (红树东方家园,碧海云天小区)","
          "
南粤山庄 3房2厅1卫  待拆物业  业主急售,3室2厅,117.8平米,"				中层/8层
		
",南,1995年建,南油二手房,南粤山庄,"
          "
南洋大厦 精装两房 采光好  户型方正 繁华地段 租可抵贷 ,2室1厅,51.58平米,"				高层/28层
		
",东北,1983年建,春风路二手房,南洋大厦,"
          "
壹克拉 两房 近九年一贯制实验学校精装标准大两房,2室2厅,66.31平米,"				中层/28层
		
",南,2010年建,龙岗中心城二手房,"壹克拉 (家和盛世花园二期,家和盛世花园)","
          "
可园二期 可园顶楼复式 买一层送一层  朝南看花园,4室2厅,83.15平米,"				高层/23层
		
",南,2005年建,布吉关二手房,可园二期 (可园),"
          "
中海康城国际 朝南大三房 安静不吵 看房方便,3室2厅,88平米,"				低层/34层
		
",东南,2010年建,大运新城二手房,中海康城国际 (中海康城花园),"
          "
翰岭院 南北通透双向大阳台，位置安静，税费少,3室2厅,111.09平米,"				低层/24层
		
",南北,2004年建,梅林二手房,翰岭院 (翰岭花园),"
          "
万科城M区 御水湾大别墅 豪华装修，位置安静，南北通透,7室4厅,246.43平米,"				高层/1层
		
",东南,2008年建,坂田二手房,万科城M区 (万科城四期M区),"
          "
缔馨园 朝南一房，户型方正，看房方便,1室1厅,42.26平米,"				中层/18层
		
",南,1997年建,石厦二手房,缔馨园,"
          "
特丰楼 3号线地铁物业，三房，郊区白菜价格！,3室2厅,113.74平米,"				高层/8层
		
",东,1996年建,龙岗中心城二手房,特丰楼 (特丰综合楼),"
          "
和通花园 精装修  三房 住家安静舒适,3室2厅,85.75平米,"				高层/7层
		
",东北,1992年建,布吉大芬二手房,和通花园,"
          "
万科公园里二期 万科朝南精装大四房，楼层好，诚意出售,4室2厅,145.2平米,"				高层/31层
		
",南,2012年建,布吉南岭二手房,"万科公园里二期 (公园里二期,公园里花园二期)","
          "
逸湖居 深中未用 看房方便 普通装修 5室2厅1厨2卫,5室2厅,151.68平米,"				高层/23层
		
",西,2001年建,翠竹二手房,逸湖居,"
          "
翠薇园住宅楼 精装三房二厅 赠送面积大,3室2厅,58.5平米,"				低层/7层
		
",东南,1989年建,蛇口二手房,翠薇园住宅楼,"
          "
南海玫瑰园二期 南海玫瑰园二期 高实用率 户型通透 看海景,3室2厅,127.81平米,"				高层/18层
		
",南,2005年建,蛇口二手房,"南海玫瑰园二期 (南海玫瑰花园二期,玫瑰花园二期)","
          "
富通城一期 住家大二房税少诚心卖很好的户型实用率高,2室2厅,73.06平米,"				高层/6层
		
",东,2006年建,碧海二手房,"富通城一期 (缤纷世界花园,碧海富通城)","
          "
新华社宿舍楼 楼梯房使用率超高，户型方正。配套成熟。,3室2厅,109.69平米,"				高层/7层
		
",东,1992年建,翠竹二手房,新华社宿舍楼,"
          "
富通城五期碧海公馆 满五年  豪华装修大五房 带大平台花园 赠送率超高,5室2厅,131.78平米,"				低层/17层
		
",西北,2009年建,碧海二手房,富通城五期碧海公馆 (碧海富通城),"
          "
前海东岸 花园式高端小区 大阳台视野无遮挡 采光好 送入户,3室2厅,88.5平米,"				低层/38层
		
",南,2016年建,南头二手房,前海东岸,"
          "
荔雅居  登良路上 来福士旁 安静 花园小区 居家不二之选,2室2厅,74.16平米,"				中层/11层
		
",北,2002年建,南油二手房,荔雅居,"
          "
皇御苑一期 南北通 奢阔 7房 诚心放售 ,7室2厅,159.51平米,"				高层/35层
		
",东南,2000年建,皇岗二手房,皇御苑一期 (皇御苑A区),"
          "
西海湾花园 海岸城附近花园大社区精装四房,4室2厅,137.38平米,"				低层/18层
		
",南,2002年建,后海二手房,西海湾花园,"
          "
中粮世家 央企大品牌 价格美丽,5室2厅,62.53平米,"				中层/32层
		
",南,2013年建,坪山二手房,中粮世家 (中粮一品澜山花园),"
          "
碧湖花园(罗湖) 洪湖公园旁安静带洪湖桂园中学,2室2厅,91.44平米,"				低层/35层
		
",东,1995年建,洪湖二手房,碧湖花园(罗湖),"
          "
天泽花园 花园小区绿化比高一房一厅精装朝南中层,1室2厅,50平米,"				低层/13层
		
",西南,1999年建,皇岗二手房,天泽花园,"
          "
东方半岛花园 电梯2房，中间楼层，看花园，业主急房,2室2厅,70.96平米,"				中层/12层
		
",南,1998年建,布吉大芬二手房,东方半岛花园,"
          "
远洋新干线一期二期 近地铁次新小区+通燃气有阳台+实用俩房+月租抵月供,2室1厅,46.84平米,"				高层/32层
		
",南,2012年建,龙岗中心城二手房,远洋新干线一期二期,"
          "
世界花园海华居 华侨城欢乐谷，万科物业，车位充足，诚心出售随时看房,4室2厅,146.43平米,"				低层/23层
		
",东北,1996年建,华侨城二手房,世界花园海华居 (海华居),"
          "
东方明珠城 精装三房     诚心出售 ,2室2厅,70.94平米,"				中层/32层
		
",西南,2007年建,龙岗中心城二手房,东方明珠城 (榭丽花园三期),"
          "
鸿威de森林 144平大5房 南北通高层 豪华装修 看房方便急售,5室2厅,144.28平米,"				高层/31层
		
",南,2014年建,龙岗中心城二手房,鸿威de森林 (鸿威鸿景华庭),"
          "
水晶之城一期 地鉄口 精致装修 三房两卫 满五唯/一 大社区,3室2厅,98平米,"				中层/6层
		
",西南,2001年建,横岗二手房,水晶之城一期 (水晶之城),"
          "
桐景花园 莲南成熟生活社区 配套完善 交通便利 ,3室2厅,99.6平米,"				低层/29层
		
",南,2002年建,莲塘二手房,桐景花园,"
          "
鸿翔花园 不限购不限贷实用温馨小户 适合单身白领选择,1室0厅,44.59平米,"				中层/28层
		
",南,2005年建,地王二手房,鸿翔花园,"
          "
万科第五园八期 精装三房 厅出阳台 位置安静,3室2厅,79.34平米,"				低层/20层
		
",东北,2009年建,坂田二手房,万科第五园八期 (第五园八期),"
          "
铂金时代 急售，急售，急售，价格实惠，08年新小区，一房一厅,1室1厅,35.43平米,"				中层/31层
		
",东,2004年建,罗湖口岸二手房,铂金时代 (铂金时代公寓),"
          "
粤宝花园一期 红本在手，看房方便 ，业主自己在住保养好,3室2厅,70平米,"				高层/8层
		
",南,1984年建,布吉街二手房,粤宝花园一期 (粤宝花园),"
          "
睿智华庭 大运新城地biao对面，带10米大阳台业主诚意出售,5室2厅,140.67平米,"				中层/31层
		
",南,2012年建,大运新城二手房,睿智华庭,"
          "
帝港海湾豪园 高层南向，住家安静，看房方便,2室2厅,61.12平米,"				高层/27层
		
",南,1997年建,保税区二手房,帝港海湾豪园,"
          "
苹果园 一房一厅精装修，朝向南，看房有钥匙，楼层好,2室2厅,76.84平米,"				高层/17层
		
",东,2004年建,深圳北二手房,苹果园,"
          "
京光海景花园 126.06平的4房，业主诚心放卖,4室2厅,126.06平米,"				高层/32层
		
",南,1995年建,"
          "
金城华庭 精装修两房 客厅出阳台,2室2厅,64.13平米,"				高层/24层
		
",南,2003年建,螺岭二手房,金城华庭,"
          "
前海寓见 精装电梯朝南复试三房 户型方正实用 房子装修很好,3室2厅,38平米,"				低层/8层
		
",南北,1993年建,曦城二手房,前海寓见 (恒丰工业城),"
          "
港岛银座 港岛银座 两房两厅 户型方正 装修漂亮,2室2厅,103.31平米,"				高层/33层
		
",南,2006年建,地王二手房,港岛银座 (港岛银座大厦),"
          "
万科清林径 万科清林径三期 赠送30平米 格局好 价格美丽,3室2厅,87.49平米,"				高层/32层
		
",南,2008年建,龙岗中心城二手房,"万科清林径 (千林山居三期,千林山居)","
          "
光明1号 1号超级笋盘，满两年，业主诚心出售,3室2厅,79.5平米,"				低层/33层
		
",西南,2017年建,公明二手房,光明1号 (盛迪嘉光明壹号花园),"
          "
怡景别墅 罗湖豪宅 怡景别墅 身份的象征 交通方便 住家舒适,18室6厅,521.5平米,"			共1层
		
",南,1987年建,黄贝岭二手房,怡景别墅 (怡景花园),"
          "
阳光带海滨城一期 科技园科苑 大三房一手业主,3室2厅,138.71平米,"				中层/29层
		
",南,2002年建,科技园二手房,阳光带海滨城一期 (深圳湾锦缎之滨),"
          "
佳兆业前海广场 小南山脚下品牌社区 精装5房 景观迷人视野开阔靠山,5室2厅,110.3平米,"				高层/32层
		
",南,2014年建,前海二手房,佳兆业前海广场 (山海美域花园),"
          "
运河蓝湾家园 地鉄口次新房 站在阳台看公园 有靠山的房子就是好,2室2厅,79.4平米,"				低层/17层
		
",南,2013年建,龙岗双龙二手房,运河蓝湾家园,"
          "
万科四季花城三期 顶楼大复式带天台洋房 ，阔气奢华，位置安静，景观好,6室2厅,158.4平米,"				高层/3层
		
",南,2001年建,坂田二手房,万科四季花城三期 (四季花城三期),"
          "
星海名城五期 好房好配套星海名城5期朝南,2室1厅,40.13平米,"				高层/32层
		
",南,2006年建,前海二手房,星海名城五期 (第五公社),"
          "
缔梦园 285万可以卖 价格便宜 就这么一套,1室1厅,40.25平米,"				低层/16层
		
",北,1999年建,景田二手房,缔梦园,"
          "
桃源居十四区 安静小区电梯大三房 ,3室2厅,102.47平米,"				低层/9层
		
",南,1999年建,桃源居二手房,桃源居十四区 (桃源居14区),"
          "
海悦华城 福田双口岸 地铁物业 高层 朝南景观好,3室2厅,89平米,"				高层/35层
		
",西南,2000年建,皇岗二手房,海悦华城 (裕亨花园),"
          "
中城康桥花园二期 东南向 精装修三房  住家十分舒适,3室2厅,83.23平米,"				中层/18层
		
",东南,2002年建,丹竹头二手房,中城康桥花园二期 (康桥花园二期),"
          "
半岛城邦三期 南北通4房，少有的户型，朝南看海景。,4室2厅,140.6平米,"				低层/45层
		
",西南,2016年建,蛇口二手房,半岛城邦三期 (半岛城邦花园三期),"
          "
东海岸二期 5室2厅1厨2卫 165.0m² 精致装修,5室2厅,165平米,"				中层/9层
		
",南,2006年建,梅沙二手房,"东海岸二期 (万科东海岸二期,万科东海岸社区第二期)","
          "
宝能悦澜山 精装修  住家舒适 看房方便,4室2厅,89平米,"				低层/29层
		
",南,2014年建,龙岗中心城二手房,宝能悦澜山 (悦澜山花园),"
          "
龙园苑 住家安静，单价低，诚心出售。,2室2厅,72.48平米,"				高层/12层
		
",西,2000年建,黄贝岭二手房,龙园苑,"
          "
半岛城邦三期 前排海景2房2厅1卫三面观海满2年税费少,2室2厅,84.6平米,"				低层/45层
		
",南,2016年建,蛇口二手房,半岛城邦三期 (半岛城邦花园三期),"
          "
富通城三期 11号线地铁站，近精装修大三房,3室1厅,65.84平米,"				低层/26层
		
",东北,2007年建,碧海二手房,"富通城三期 (生活立方,碧海富通城)","
          "
皇达东方雅苑 精装修，大两房，大阳台，户型方正，双地铁，车位充足,2室2厅,77.62平米,"				低层/31层
		
",南,2002年建,石厦二手房,皇达东方雅苑,"
          "
鸿基花园 精装三房，诚意出售。,3室2厅,102平米,"				低层/7层
		
",南,1998年建,龙岗中心城二手房,"鸿基花园 (鸿基花园一期,龙岗鸿基花园)","
          "
布吉阳光花园 电梯大两房，满五年家庭只一套，红本在手过户快,2室2厅,74.68平米,"				高层/32层
		
",北,2001年建,布吉街二手房,"布吉阳光花园 (祺峰华庭,阳光花园)","
          "
半岛城邦一期 东南看海景 客厅主卧双阳台 满5年 业主诚心卖,3室2厅,146.76平米,"				低层/27层
		
",南,2006年建,蛇口二手房,半岛城邦一期 (半岛城邦花园一期),"
          "
龙园印象名苑 住家装修 3房 朝东看龙园公园,3室2厅,73.38平米,"				中层/15层
		
",东,2007年建,龙岗双龙二手房,龙园印象名苑 (劲嘉龙园印象名苑),"
          "
东海花园二期 安静看花园163.79平 朝南向 带阳台精致装修,3室2厅,163.79平米,"				中层/31层
		
",西南,2000年建,香蜜湖二手房,东海花园二期 (东海花园福禄居),"
          "
罗湖金岸 精装修，二房二厅，南向,2室2厅,62.1平米,"				中层/33层
		
",南,2001年建,人民南二手房,罗湖金岸,"
          "
万象天成 低楼层 通风采光好  业主诚心出售,1室1厅,40.77平米,"				低层/21层
		
",北,2009年建,龙岗中心城二手房,万象天成 (盛龙花园),"
          "
嘉葆润金座 精装大四房，此价同户型找不出第二套 诚心出售,3室2厅,81.27平米,"				低层/32层
		
",北,2012年建,新洲二手房,嘉葆润金座 (嘉葆润金座家园),"
          "
承翰半山海墅 半山海精装一房楼层高看花园美景,1室1厅,37平米,"				高层/12层
		
",南,2015年建,大鹏二手房,承翰半山海墅 (半山海花园),"
          "
金地梅陇镇 业主全新装修 红木地板 高层朝花园看泳池 红山商圈,3室2厅,112.73平米,"				高层/33层
		
",南北,2005年建,深圳北二手房,金地梅陇镇 (金地梅陇镇花园),"
          "
中央悦城花园 买一送一复试房双套间满五年唯-一价格可大谈,5室2厅,206.15平米,"				中层/28层
		
",南,2007年建,龙岗中心城二手房,"中央悦城花园 (悦城花园三期,悦城花园)","
          "
金地名峰 马峦山脚下14号线地铁 精装复式4房,4室2厅,88.12平米,"				中层/30层
		
",南,2013年建,龙岗宝荷二手房,金地名峰,"
          "
阳光天健城 大运区外国语学校旁边，业主诚心出售.,4室2厅,143.81平米,"				高层/26层
		
",东南,2010年建,大运新城二手房,阳光天健城 (阳光盛荟),"
          "
坤祥花语馨 精装 楼层适中   视野开阔  采光充足,3室2厅,83.43平米,"				高层/30层
		
",南,2016年建,布吉街二手房,坤祥花语馨,"
          "
阳光新干线 高楼层，阳光充足，业主诚心出售,1室1厅,38.99平米,"				中层/33层
		
",北,2005年建,春风路二手房,阳光新干线 (阳光新干线家园),"
          "
时代景苑 背靠凤凰山，看立新湖，98精装大三房 交通方便,3室2厅,97.09平米,"				低层/16层
		
",东,2002年建,福永二手房,时代景苑 (时代景苑二期),"
          "
华茂欣园 莲花山旁朝南向精装大三房放售看房方便带车位哦,3室2厅,122.86平米,"				低层/32层
		
",南,2004年建,景田二手房,华茂欣园,"
          "
海珑华苑 螺岭两房 总价低 税费少 租金高 看房方便,2室0厅,60.78平米,"				高层/28层
		
",北,1995年建,罗湖口岸二手房,海珑华苑,"
          "
富通御岭公馆 全新安静毛坯两房，急售，配套齐全交通方便,1室2厅,81.7平米,"				低层/28层
		
",南,2006年建,松岗二手房,富通御岭公馆 (畔山御景花园),"
          "
华丽花园 螺岭未用 朝南 住家安静三房,3室2厅,88.29平米,"				高层/29层
		
",南,1996年建,螺岭二手房,华丽花园,"
          "
金地上塘道 新上房源  朝南 看花园3房 满五年 欠款少 ,3室2厅,89.58平米,"				低层/24层
		
",南北,2010年建,红山二手房,金地上塘道 (金地上塘道花园),"
          "
保利悦都 地铁清湖站，业主工作调动，忍痛抛售！看房有钥匙~~,5室2厅,116.48平米,"				低层/27层
		
",南北,2015年建,龙华中心二手房,"保利悦都 (保利天街,保利悦都花园)","
          "
阳光棕榈园二期 顶复带花园 看房方便，少量欠款  业主急售 ,7室2厅,165.4平米,"				高层/6层
		
",南北,2002年建,前海二手房,"阳光棕榈园二期 (棕榈园二期,阳光棕榈园)","
          "
恒大国香山花园 89平精装大3房，朝南，高赠送,3室2厅,89.17平米,"				中层/42层
		
",西南,2014年建,布吉南岭二手房,恒大国香山花园 (国香山花园),"
          "
金地龙城中央 标准三房，诚心出售看房方便,3室2厅,89平米,"				高层/19层
		
",南,2016年建,龙岗中心城二手房,金地龙城中央 (金地凯旋广场),"
          "
佳兆业大都汇 深圳东站 布吉地铁站 户型方正采光好 诚意出售,2室1厅,73.64平米,"				低层/33层
		
",南,2011年建,布吉关二手房,佳兆业大都汇 (大都汇大厦),"
          "
金山碧海 大型复式 看山看海 景观好 红本在手 实用260平,5室3厅,171.42平米,"				高层/34层
		
",东南,2007年建,盐田二手房,金山碧海 (金山碧海花园),"
          "
可园六期 2+1三房 南北通  价钱可谈,2室2厅,73.38平米,"				低层/26层
		
",北,2011年建,布吉关二手房,可园六期 (可园五六七期),"
          "
万科清林径 住家保养 大四房 赠送面积大 ,4室2厅,133平米,"				低层/23层
		
",南北,2008年建,龙岗中心城二手房,"万科清林径 (千林山居三期,千林山居)","
          "
麒麟花园二期 二期花园中间位置  安静  转角大阳台  标准4房,4室2厅,139.62平米,"				高层/17层
		
",南北,2001年建,南头二手房,麒麟花园二期 (金麒麟花园),"
          "
可乐园 精装修  复试两房两厅  业主诚心出售  看房方便,2室2厅,43.53平米,"				中层/5层
		
",南,2007年建,龙华中心二手房,可乐园,"
          "
旭飞华达园二期 厅出阳台 户型方正 无遮挡,1室1厅,42.47平米,"				中层/33层
		
",东北,2002年建,百仕达二手房,旭飞华达园二期 (华达园公寓),"
          "
泰华锦绣城 安静大四房 住家装修保养好 税费低 居家优选,4室2厅,118平米,"				低层/13层
		
",东,1999年建,翻身二手房,泰华锦绣城,"
          "
国展苑 关口大户型精装修五居室，满五年红本，住家舒适，有匙,5室2厅,133.45平米,"				高层/32层
		
",西南,1997年建,布吉关二手房,国展苑,"
          "
益田村 2室2厅1厨1卫 71.87m² 满五唯独,2室2厅,71.87平米,"				中层/18层
		
",东北,1995年建,石厦二手房,益田村,"
          "
世纪春城四期 复式精装3房，南北通性价比高，采光好看房方便,4室2厅,99.92平米,"				高层/24层
		
",西南,2008年建,深圳北二手房,世纪春城四期,"
          "
深华科技园宿舍 普通装修 43平 两房高使用率 小区安静,2室1厅,42.87平米,"				低层/7层
		
",西,1996年建,梅林二手房,"深华科技园宿舍 (科技园宿舍,深华科技工业园宿舍楼)","
          "
玫瑰园小区 通透方正朝南 四海公园旁 育才二小二中,3室2厅,78平米,"				高层/7层
		
",南北,1987年建,蛇口二手房,玫瑰园小区 (玫瑰园),"
          "
公园大地六期 朝南 满5年 小三房 精装 保养好,3室2厅,79.64平米,"				低层/32层
		
",东南,2008年建,龙岗中心城二手房,公园大地六期 (公园大地花园六期),"
          "
"可园七期 满五年,税率少",5室2厅,136.82平米,"				高层/23层
		
",南,2008年建,布吉关二手房,可园七期 (可园五六七期),"
          "
港澳8号 东门商圈近地铁螺蛉未用，高楼层视野开阔晚上夜景特美,1室1厅,42.5平米,"				高层/36层
		
",西南,2012年建,东门二手房,港澳8号 (港丰大厦),"
          "
半山道一号 银湖山，自然生态，居家选择很是不错！,4室2厅,88.24平米,"				低层/30层
		
",南北,2013年建,布吉街二手房,"半山道一号 (紫瑞花园,半山道1号礼宾府)","
          "
德福花园 电梯大三房厅出阳台，户型方正满五年少税 ,3室2厅,102.92平米,"				中层/12层
		
",北,1997年建,布吉街二手房,"德福花园 (德福中心,得意居)","
          "
东方盛世 关口电梯三居，满二年，税费少，人车分流,3室2厅,96.65平米,"				低层/17层
		
",南,2007年建,布吉关二手房,东方盛世 (东方盛世花园),"
          "
布吉阳光花园 118平高实用4房，双阳台南北通透， 景观好,4室2厅,118.76平米,"				低层/32层
		
",西南,2001年建,布吉街二手房,"布吉阳光花园 (祺峰华庭,阳光花园)","
          "
中信红树湾 五期 202平4+1房 百万豪华装修 南北通透 ,5室2厅,201平米,"				中层/30层
		
",东南,2005年建,红树湾二手房,"中信红树湾 (中信红树湾花城,中信花城)","
          "
中海康城国际 大运新城 花园中间 南北通透舒居豪装大5房恬静优雅,5室2厅,207.03平米,"				低层/18层
		
",南,2010年建,大运新城二手房,中海康城国际 (中海康城花园),"
          "
沙河世纪假日广场 一房一厅 带双阳台 空中花园 税费少 近益田 ,1室1厅,48.3平米,"				中层/34层
		
",东,2008年建,华侨城二手房,沙河世纪假日广场 (世纪假日广场),"
          "
怡泰大厦 精装红本，晃金楼层,1室1厅,34.94平米,"				高层/5层
		
",南,1998年建,东门二手房,怡泰大厦 (怡泰中心),"
          "
泰然广场 实用小区精致装修拎包入住,3室2厅,95.73平米,"				中层/8层
		
",北,1997年建,上下沙二手房,泰然广场,"
          "
满京华喜悦里华庭 赠送面积大近3号线南联已满2年红本在手,3室2厅,88.65平米,"				高层/32层
		
",北,2013年建,龙岗中心城二手房,"满京华喜悦里华庭 (满京华盈丰中心,满京华喜悦里(1-2)期)","
          "
龙翔花园 3号线吉祥站 户型方正 厨卫全明 客厅出阳台 ！,2室2厅,85.21平米,"				中层/11层
		
",东北,2004年建,龙岗中心城二手房,龙翔花园,"
          "
赛格eco中心 赛格广场小面积小户型出售，业主急卖，看房提前约,1室1厅,41.13平米,"				低层/32层
		
",南,2016年建,布吉水径二手房,赛格eco中心 (赛格新城市广场),"
          "
慢城三期 实惠电梯三房 业主实在卖 放有钥匙  看房方便,3室2厅,82.96平米,"				高层/18层
		
",北,2006年建,布吉大芬二手房,慢城三期 (慢城),"
          "
现代城华庭 满两年精装修三房，出行方便，配套完善,3室2厅,79.58平米,"				高层/33层
		
",南,2004年建,南山中心区二手房,现代城华庭,"
          "
可园七期 4室2厅1厨2卫 166.0m² 精致装修,4室2厅,166平米,"				低层/26层
		
",东南,2008年建,布吉关二手房,可园七期 (可园五六七期),"
          "
星湖花园 一房一厅户型好深中学校 周边旧改 价格可谈,1室1厅,38.32平米,"				低层/28层
		
",东南,1995年建,银湖二手房,星湖花园,"
          "
陶润懿峰 观澜天虹旁  精装复试2房公寓    挥泪抛售,2室2厅,51.79平米,"				中层/7层
		
",北,2016年建,观澜二手房,陶润懿峰 (银江春晓家园),"
          "
南岭花园 中间楼层居家三房  满五年免个税 诚心卖,3室1厅,63.59平米,"				低层/7层
		
",北,1993年建,布吉南岭二手房,南岭花园,"
          "
满京华喜悦里华庭 三号线南联站旁华润万家商圈交通购物方便,5室2厅,120.65平米,"				中层/32层
		
",南,2013年建,龙岗中心城二手房,"满京华喜悦里华庭 (满京华盈丰中心,满京华喜悦里(1-2)期)","
          "
名城花园 正规三房 独享私家花园 精装修  安静,3室2厅,80.9平米,"				高层/7层
		
",东北,1992年建,西乡二手房,名城花园,"
          "
乐城 横岗荷坳地 铁站豪华装修诚心卖,1室1厅,35平米,"				中层/33层
		
",西北,2013年建,横岗二手房,"乐城 (THETOWN乐城,荷康花园)","
          "
云顶嘉园 精装两房两厅，送全屋品牌家私 楼下沃尔玛 价格可谈,2室2厅,68.75平米,"				中层/31层
		
",西北,2011年建,新安二手房,"云顶嘉园 (金玉良苑,黄金大厦)","
          "
东方银座公馆 复试两房 精装修 视野好 带阳台 采光好 双卫生间,2室1厅,67.85平米,"				高层/31层
		
",南,2010年建,前海二手房,东方银座公馆 (前海豪苑),"
          "
美加广场 华侨城地铁物业，看房有钥匙，业主诚售！,3室2厅,177.86平米,"				高层/17层
		
",西南,2000年建,华侨城二手房,美加广场,"
          "
嘉汇新城汇商中心 业主诚心卖，价格靓丽,1室0厅,34.66平米,"				高层/5层
		
",南,2000年建,华强南二手房,嘉汇新城汇商中心 (Qpark),"
          "
鸿荣源尚峻二期 3室2厅1厨2卫金茂府为邻居，你学校为边界。,3室2厅,94.38平米,"				高层/44层
		
",东南,2016年建,大浪二手房,"鸿荣源尚峻二期 (尚峻二期,尚峻御园)","
          "
同泰时代中心 11号线地铁站公寓，不要社保,1室2厅,52.71平米,"				中层/14层
		
",西北,2014年建,福永二手房,同泰时代中心,"
          "
龙富花园 经典实用舒适小三房， 满五年税少， 居家舒适优选,3室2厅,78平米,"				高层/6层
		
",东北,1992年建,布吉街二手房,龙富花园,"
          "
鸿威de森林 清林经实验 精装大五房 满2年税少 位置安静,5室2厅,144.28平米,"				中层/31层
		
",南,2014年建,龙岗中心城二手房,鸿威de森林 (鸿威鸿景华庭),"
          "
来座山 精装5房 满五年，少税 双拼房，高层采光好,5室2厅,140平米,"				低层/32层
		
",南,2011年建,布吉大芬二手房,"来座山 (慢城四期,慢城)","
          "
恒裕嘉城 未来地铁 口，实用率高达120平，南向四房，少税,4室2厅,89平米,"				高层/33层
		
",南,2016年建,龙岗双龙二手房,恒裕嘉城 (恒裕嘉城花园),"
          "
世纪春城三期 南向精装修大3房 带大阳台 居家精选看房预约,3室2厅,107.39平米,"				中层/10层
		
",南,2007年建,深圳北二手房,世纪春城三期,"
          "
岸上林居 岸上林居豪华装修大四房.业主自住，保养好。看房方便,4室2厅,107.3平米,"				高层/33层
		
",南北,2015年建,龙岗中心城二手房,岸上林居,"
          "
可园七期 经典两房，精致装修 百强物业贴心服务居住很舒适,2室2厅,79.28平米,"				低层/22层
		
",南,2008年建,布吉关二手房,可园七期 (可园五六七期),"
          "
鹏城花园 楼层好，布心地铁站300米，交通方便，布心中学对面,3室2厅,81.29平米,"				低层/7层
		
",南,1994年建,布心二手房,鹏城花园,"
          "
振兴小区 2室2厅1厨1卫 76.0m² 精致装修,2室2厅,76平米,"				高层/7层
		
",南,1985年建,蛇口二手房,振兴小区,"
          "
ONE39 1室0厅1厨1卫 43.98m² 精致装修,1室0厅,43.98平米,"				低层/38层
		
",西,2011年建,地王二手房,ONE39 (龙园创展大厦),"
          "
熙园 高楼层 东南向 安静 低密度 明德实验未用 诚 售,4室2厅,199.43平米,"				中层/18层
		
",东北,2004年建,香蜜湖二手房,熙园,"
          "
文雅豪庭 精装三房  东南向  位置安静 满五,3室2厅,101.71平米,"				低层/11层
		
",东南,2005年建,布吉街二手房,文雅豪庭,"
          "
金庸阁二期 小高层花园小区，离地铁仅300米，交通便利。,3室2厅,111.96平米,"				中层/7层
		
",西南,2001年建,龙华中心二手房,金庸阁二期,"
          "
桂芳园一期 实用大气 买一层送一层复式房源，朝南住家舒适,5室2厅,61.14平米,"				高层/6层
		
",南,2002年建,布吉大芬二手房,桂芳园一期 (桂芳园),"
          "
中海怡瑞山居 年轻时尚二居室观景房落地大飘窗采光视野一流,2室2厅,66.01平米,"				中层/6层
		
",南,2007年建,布吉大芬二手房,中海怡瑞山居 (怡瑞山居),"
          "
水晶之城三期 横岗 荷坳地 铁口 复式房 急售,5室2厅,73.92平米,"				高层/6层
		
",东北,2001年建,横岗二手房,水晶之城三期 (水晶之城),"
          "
桃源居十五区 桃源居十五区中间位置端头位通风好采光足,4室2厅,147.2平米,"				低层/18层
		
",南北,2008年建,桃源居二手房,"桃源居十五区 (桃源盛景园二期,桃源盛景园)","
          "
德意名居 新出房实拍3层复试朝南视野开阔 钥匙在手随时看房,3室4厅,89.4平米,"				高层/18层
		
",南,2009年建,大学城二手房,德意名居 (德意名居一期),"
          "
新天地名居 出售两房322万 户型方正 看房先看同户型,2室1厅,54.35平米,"				低层/31层
		
",东北,2004年建,黄贝岭二手房,新天地名居,"
          "
虹桥金岸 这个户型是南北通透电梯高层房！,3室2厅,113.89平米,"				高层/28层
		
",南,2003年建,笋岗二手房,"虹桥金岸 (田心庆云花园三期,田心庆云花园10号楼,田心庆云花园)","
          "
观湖园 豪装1000万，看了此套大别墅，其它都不在眼里,9室3厅,346.64平米,"			共1层
		
",南,2009年建,观澜二手房,观湖园,"
          "
悠山美地 前海南山脚下精装两房诚心出售地铁物业,2室2厅,71.36平米,"				高层/18层
		
",南,2008年建,南油二手房,悠山美地 (南荔苑),"
          "
东方都会大厦 此房红本无税，户型方正，采光通风好,1室0厅,31.83平米,"				高层/32层
		
",东,2004年建,黄贝岭二手房,东方都会大厦,"
          "
桃源居十二区 精装修改善型大三房双阳台中间楼层看花园,3室2厅,115.6平米,"				高层/11层
		
",北,2005年建,桃源居二手房,桃源居十二区 (桃源居12区),"
          "
帝景峰 茂业城笋盘满五年税少东南朝向业主换房急售,3室2厅,67.5平米,"				低层/35层
		
",东南,2001年建,布吉大芬二手房,帝景峰 (茂业城帝景峰),"
          "
承翰半山海墅 大鹏豪宅小区承翰半山海豪装一线海景房价格洼’地,3室2厅,104.08平米,"				高层/16层
		
",东南,2015年建,大鹏二手房,承翰半山海墅 (半山海花园),"
          "
"南景豪庭 满五年,税率少,,,",3室0厅,76.19平米,"				高层/21层
		
",东,2002年建,布吉大芬二手房,南景豪庭,"
          "
美杜兰 精装电梯两房 户型方正 采光好,2室2厅,73.21平米,"				低层/18层
		
",南,2005年建,布吉街二手房,美杜兰 (美杜兰华庭),"
          "
璞岸 大鹏依山看海度假复式房看海高楼层视野开阔,5室2厅,168平米,"				高层/20层
		
",东南,2014年建,大鹏二手房,"璞岸 (璞岸花园,PURE33璞岸)","
          "
鹏兴花园二期 南向三房，厅出阳台，精致装修 ，税费少，品质大社区,3室2厅,85.73平米,"				中层/10层
		
",南,2000年建,莲塘二手房,鹏兴花园二期 (鹏兴花园),"
          "
黄埔雅苑一期 小区园林秀雅精巧 装修豪华大气 居住舒适 交通方便,8室4厅,337.8平米,"				高层/24层
		
",东,2001年建,莲花二手房,黄埔雅苑一期 (黄埔雅苑翠悠园),"
          "
天峦湖 坪山世外桃源！依山傍水 区唯.一的小区 业主急售 ,4室2厅,123平米,"				中层/32层
		
",南,2015年建,坪山二手房,天峦湖 (天峦湖花园),"
          "
富通御岭公馆 豪华装修5房2厅设计，两个超大阳台，赠送面积多！,5室2厅,170.76平米,"				高层/23层
		
",东北,2006年建,松岗二手房,富通御岭公馆 (畔山御景花园),"
          "
鹏兴花园一期 精装两房，户型方正，朝南,2室2厅,80平米,"				高层/8层
		
",南北,1998年建,莲塘二手房,鹏兴花园一期 (鹏兴花园),"
          "
慢城三期 超值的二手房，看了你就知道！满五年，交易费少。,2室2厅,74.19平米,"				低层/11层
		
",东,2006年建,布吉大芬二手房,慢城三期 (慢城),"
          "
祥和花园一期 华润万家对面，高层，方正实用，厅出阳台，红本无税,2室2厅,72.51平米,"				高层/16层
		
",东,1999年建,莲塘二手房,祥和花园一期 (祥和花园),"
          "
帝景峰 双地铁站物业，刚需过渡好房源。,1室1厅,36.98平米,"				低层/35层
		
",南,2001年建,布吉大芬二手房,帝景峰 (茂业城帝景峰),"
          "
心海城 刚交房没住过人 坪山体育馆旁、百万平大盘业主急卖,3室2厅,81平米,"				中层/27层
		
",东,2016年建,坪山二手房,心海城,"
          "
"东港印象A区 住家安静
原装5房南北通透业主有心卖",5室2厅,138.08平米,"				高层/20层
		
",南,2011年建,盐田二手房,"东港印象A区 (东港印象家园A区,印象家园A区)","
          "
御峰园四期 正南户型方正看花园，使用率高，带精装，低费用,3室2厅,120.33平米,"				低层/33层
		
",南,2013年建,平湖二手房,御峰园四期 (御峰园),"
          "
马古岭花园 深中+锦田 税费少 老旧小区 放盘少，价格可以谈,3室2厅,97平米,"				高层/7层
		
",南,1988年建,翠竹二手房,马古岭花园 (马古岭住宅区),"
          "
新亚洲花园 龙岗精装住家大四房，业主保养得当，业主诚心急售。,4室2厅,139.1平米,"				中层/11层
		
",南,2001年建,龙岗中心城二手房,新亚洲花园,"
          "
春华四季园 精装修四房带花园  业主诚心出售,4室2厅,110.86平米,"				低层/11层
		
",南,2006年建,民治二手房,春华四季园,"
          "
兰江山第28墅 香蜜湖半山大宅大三房，板楼南北通，百万豪装,3室2厅,78.78平米,"				中层/21层
		
",南,2014年建,香蜜湖二手房,兰江山第28墅 (兰江山第花园一期),"
          "
吉星花园 楼梯三居室，满五年红本，带租金，住家舒适，约看,3室1厅,69.02平米,"				高层/7层
		
",东南,1985年建,布吉关二手房,吉星花园,"
          "
杰恩大厦 居繁华地段 隔河看香港河 远眺香港青山绿水,3室1厅,102.29平米,"				中层/25层
		
",东,1998年建,"
          "
佳兆业上品雅园 杨美站二房二厅精装修出售，直接拎包入住。,2室2厅,75.51平米,"				中层/32层
		
",西南,2010年建,坂田二手房,佳兆业上品雅园 (上品雅园),"
          "
幸福城一期 业主诚心卖，看房方便，交通便利，出行方便！,5室2厅,187.25平米,"				中层/28层
		
",南,2013年建,龙华中心二手房,幸福城一期 (幸福城润园),"
          "
半岛花园B区 南北通透大三房，精装修，业主自住，看房方便,3室2厅,96.81平米,"				低层/7层
		
",北,1990年建,蛇口二手房,半岛花园B区,"
          "
万科红三期 十万火急 高层南向看中价格有空间,2室2厅,67.87平米,"				高层/28层
		
",南,2013年建,布吉关二手房,万科红三期 (万科红立方大厦),"
          "
水晶之城四期 总价低大两房 精装修住家装修 看房便利  业主诚卖,2室2厅,68.26平米,"				低层/6层
		
",西南,2005年建,横岗二手房,水晶之城四期 (水晶之城),"
          "
金域华府二期 外国语中学物业 豪华大五房 双阳台前后看花园 ,5室2厅,143.02平米,"				中层/34层
		
",东西,2012年建,梅林关二手房,金域华府二期 (万科金域华府南地块期),"
          "
信义假日名城二期 房子保养好，业主诚意卖。,2室2厅,71平米,"				低层/18层
		
",南,2003年建,布吉关二手房,"信义假日名城二期 (博雅园,假日名城二期,信义假日名城)","
          "
珑瑜 精装2房2厅 地铁旁 总价低 不限购,2室1厅,42.71平米,"				高层/31层
		
",东北,2010年建,龙岗中心城二手房,珑瑜 (缤纷世纪公寓),"
          "
华润城润府二期 次新房.东南高层精装修.免豪宅税.南外科华部九年制,2室2厅,89.41平米,"				中层/36层
		
",东南,2016年建,科技园二手房,华润城润府二期 (华润城),"
          "
振业城一期 双拼东端头大别墅豪装诚心出售,6室6厅,251.28平米,"				高层/1层
		
",南北,2005年建,横岗二手房,振业城一期 (振业城),"
          "
美丽365 清湖地鉄站 少有电梯房 精装复试 保养非常好,5室2厅,152.45平米,"				高层/9层
		
",南,2002年建,龙华中心二手房,美丽365,"
          "
福乐雅苑 福田区委商圈，双地铁物业，实用3房，南北通,3室2厅,92.16平米,"				高层/8层
		
",南,1997年建,皇岗二手房,福乐雅苑,"
          "
富霖花园 资产带前后花园院子改善型住宅南北通透,6室2厅,237.49平米,"				低层/8层
		
",南北,1998年建,景田二手房,富霖花园,"
          "
锦绣花园二期 4室2厅1厨2卫 180.0m² 满五首套房子,4室2厅,180平米,"				中层/32层
		
",西北,1999年建,华侨城二手房,锦绣花园二期,"
          "
深业花园 莲花山下 少年宫旁 少有花园式两房放卖,2室2厅,88.17平米,"				中层/31层
		
",东北,2001年建,莲花二手房,深业花园,"
          "
竹盛花园三期 精致三房 近园博园 高层南向  教科院附小 ,3室2厅,91.69平米,"				高层/27层
		
",东南,2006年建,竹子林二手房,竹盛花园三期,"
          "
兰江山第28墅 胜似别墅，实用近850平，上叠采光通风非常好,11室4厅,321.77平米,"				中层/6层
		
",南北,2014年建,香蜜湖二手房,兰江山第28墅 (兰江山第花园一期),"
          "
禾田小筑 2房2厅 49.24平 普通装修 南,2室2厅,49.24平米,"				低层/9层
		
",南,2003年建,龙岗中心城二手房,禾田小筑 (楚丰商业广场),"
          "
前海凯御 精装公寓，使用率高，近地铁，租金高,2室1厅,55.63平米,"				高层/26层
		
",南,2016年建,前海二手房,"前海凯御 (大新时代大厦,前海星虹)","
          "
山海上城 华师大附属学校，大四房业主诚心出售，使用了率非常高,4室2厅,129.29平米,"				中层/31层
		
",南,2014年建,西乡二手房,"山海上城 (康达尔山海上城,山海上园一期,康达尔山海上园一期)","
          "
五洲星苑 精致装修 业主诚售 红本无税 看房方便,1室0厅,41.33平米,"				高层/33层
		
",西,2006年建,景田二手房,五洲星苑,"
          "
可乐园 小复式 总价低 业主急卖,2室2厅,39.77平米,"				中层/5层
		
",西北,2007年建,龙华中心二手房,可乐园,"
          "
御景东方花园 红树湾 安静舒适 大阳台,4室2厅,151平米,"				中层/33层
		
",东北,2006年建,红树湾二手房,御景东方花园 (御景花园),"
          "
万科天誉花园一期 小区高楼层 东南朝向 高楼层 满2年,3室2厅,87.62平米,"				高层/32层
		
",东南,2013年建,龙岗中心城二手房,万科天誉花园一期 (天誉花园一期),"
          "
景达楼 88平南北通3房带旧改物业，五年wei一无税费,1室0厅,87.46平米,"				高层/7层
		
",南北,1998年建,景田二手房,景达楼,"
          "
观澜湖汉士达 独栋大宅 赠送前后1200平大花园 需一次性付款,7室2厅,751.61平米,"			共1层
		
",南,2011年建,观澜二手房,观澜湖汉士达 (观澜湖高尔夫大宅*汉士达区),"
          "
中旅国际公馆二期 南北通 厅出大阳台4+1房 双车位+入户 红本无税,5室2厅,157.36平米,"				中层/30层
		
",南北,2006年建,香蜜湖二手房,"中旅国际公馆二期 (港中旅二期,港中旅花园,中旅公馆)","
          "
东方皇宫 4房2厅，可做两套两房一厅，两个大阳台，业主有心卖,4室2厅,98.3平米,"				低层/29层
		
",东,1990年建,春风路二手房,东方皇宫,"
          "
美丽365 大型花园社区精致小三房，东南朝向，看房方便,3室2厅,77.9平米,"				低层/7层
		
",东北,2002年建,龙华中心二手房,美丽365,"
          "
翠海花园一期 大四房、户型方正、楼层好,3室2厅,105.18平米,"				高层/18层
		
",南,2000年建,香蜜湖二手房,"翠海花园一期 (翠海花园,振业翠海花园一期,振业翠海花园一期)","
          "
世纪春城三期 高楼层 采光好 位置安静 精装电梯二房 拎包入住,2室2厅,83.9平米,"				高层/16层
		
",南,2007年建,深圳北二手房,世纪春城三期,"
          "
飞扬时代大厦 精装一房一厅，看房方便,1室1厅,47.73平米,"				中层/29层
		
",南,2006年建,华强南二手房,飞扬时代大厦 (飞扬时代),"
          "
信托花园 园林式，花园式居住地。值得信任托付的物业。,6室3厅,283.39平米,"				高层/7层
		
",南,1996年建,石厦二手房,信托花园,"
          "
现代城华庭 业主自住精装2房 位置佳 诚心出售 南二外学府中学,2室2厅,97.28平米,"				中层/30层
		
",南,2004年建,南山中心区二手房,现代城华庭,"
          "
i派龙城 龙岗3号线出口 新出笋盘 满五税费少 诚心出售,2室2厅,81.8平米,"				高层/17层
		
",南,2010年建,龙岗中心城二手房,i派龙城 (城南雅筑),"
          "
鸿园居 户型方正采光好，拎包入住,1室1厅,44.78平米,"				高层/18层
		
",南,2000年建,百仕达二手房,鸿园居,"
          "
风临国际 三号线吉祥站物业，精装一房可住家可办公，新亚洲可用,1室1厅,47.37平米,"				高层/29层
		
",南,2008年建,龙岗中心城二手房,"风临国际 (鸿基花园三期,风临域)","
          "
百仕达花园 小区环境优美  户型方正  看房随时方便,3室2厅,163平米,"				高层/32层
		
",东南,1995年建,布心二手房,"百仕达花园 (百仕达8号楼,百仕达花园8号,百仕达8号)","
          "
中海怡美山庄 学校物业精装3房，业主诚心出售,3室2厅,101.91平米,"				中层/6层
		
",东南,2004年建,横岗二手房,中海怡美山庄 (怡美山庄),"
          "
荣超花园 朝南大3房   满五 看房方便,3室2厅,106.4平米,"				中层/23层
		
",南,1997年建,布吉关二手房,荣超花园,"
          "
富通御岭公馆 2室1厅0厨1卫 76.71m² 精致装修,3室2厅,76.64平米,"				高层/26层
		
",南,2006年建,松岗二手房,富通御岭公馆 (畔山御景花园),"
          "
梅花新园 民治地铁  通风采光好,2室2厅,69平米,"				中层/11层
		
",北,2002年建,民治二手房,梅花新园,"
          "
